John,boy
William,boy
James,boy
Charles,boy
George,boy
Frank,boy
Joseph,boy
Thomas,boy
Henry,boy
Robert,boy
Edward,boy
Harry,boy
Walter,boy
Arthur,boy
Fred,boy
Albert,boy
Samuel,boy
David,boy
Louis,boy
Joe,boy
Charlie,boy
Clarence,boy
Richard,boy
Andrew,boy
Daniel,boy
Ernest,boy
Will,boy
Jesse,boy
Oscar,boy
Lewis,boy
Peter,boy
Benjamin,boy
Frederick,boy
Willie,boy
Alfred,boy
Sam,boy
Roy,boy
Herbert,boy
Jacob,boy
Tom,boy
Elmer,boy
Carl,boy
Lee,boy
Howard,boy
Martin,boy
Michael,boy
Bert,boy
Herman,boy
Jim,boy
Francis,boy
Harvey,boy
Earl,boy
Eugene,boy
Ralph,boy
Ed,boy
Claude,boy
Edwin,boy
Ben,boy
Charley,boy
Paul,boy
Edgar,boy
Isaac,boy
Otto,boy
Luther,boy
Lawrence,boy
Ira,boy
Patrick,boy
Guy,boy
Oliver,boy
Theodore,boy
Hugh,boy
Clyde,boy
Alexander,boy
August,boy
Floyd,boy
Homer,boy
Jack,boy
Leonard,boy
Horace,boy
Marion,boy
Philip,boy
Allen,boy
Archie,boy
Stephen,boy
Chester,boy
Willis,boy
Raymond,boy
Rufus,boy
Warren,boy
Jessie,boy
Milton,boy
Alex,boy
Leo,boy
Julius,boy
Ray,boy
Sidney,boy
Bernard,boy
Dan,boy
Jerry,boy
Calvin,boy
Perry,boy
Dave,boy
Anthony,boy
Eddie,boy
Amos,boy
Dennis,boy
Clifford,boy
Leroy,boy
Wesley,boy
Alonzo,boy
Garfield,boy
Franklin,boy
Emil,boy
Leon,boy
Nathan,boy
Harold,boy
Matthew,boy
Levi,boy
Moses,boy
Everett,boy
Lester,boy
Winfield,boy
Adam,boy
Lloyd,boy
Mack,boy
Fredrick,boy
Jay,boy
Jess,boy
Melvin,boy
Noah,boy
Aaron,boy
Alvin,boy
Norman,boy
Gilbert,boy
Elijah,boy
Victor,boy
Gus,boy
Nelson,boy
Jasper,boy
Silas,boy
Christopher,boy
Jake,boy
Mike,boy
Percy,boy
Adolph,boy
Maurice,boy
Cornelius,boy
Felix,boy
Reuben,boy
Wallace,boy
Claud,boy
Roscoe,boy
Sylvester,boy
Earnest,boy
Hiram,boy
Otis,boy
Simon,boy
Willard,boy
Irvin,boy
Mark,boy
Jose,boy
Wilbur,boy
Abraham,boy
Virgil,boy
Clinton,boy
Elbert,boy
Leslie,boy
Marshall,boy
Owen,boy
Wiley,boy
Anton,boy
Morris,boy
Manuel,boy
Phillip,boy
Augustus,boy
Emmett,boy
Eli,boy
Nicholas,boy
Wilson,boy
Alva,boy
Harley,boy
Newton,boy
Timothy,boy
Marvin,boy
Ross,boy
Curtis,boy
Edmund,boy
Jeff,boy
Elias,boy
Harrison,boy
Stanley,boy
Columbus,boy
Lon,boy
Ora,boy
Ollie,boy
Russell,boy
Pearl,boy
Solomon,boy
Arch,boy
Asa,boy
Clayton,boy
Enoch,boy
Irving,boy
Mathew,boy
Nathaniel,boy
Scott,boy
Hubert,boy
Lemuel,boy
Andy,boy
Ellis,boy
Emanuel,boy
Joshua,boy
Millard,boy
Vernon,boy
Wade,boy
Cyrus,boy
Miles,boy
Rudolph,boy
Sherman,boy
Austin,boy
Bill,boy
Chas,boy
Lonnie,boy
Monroe,boy
Byron,boy
Edd,boy
Emery,boy
Grant,boy
Jerome,boy
Max,boy
Mose,boy
Steve,boy
Gordon,boy
Abe,boy
Pete,boy
Chris,boy
Clark,boy
Gustave,boy
Orville,boy
Lorenzo,boy
Bruce,boy
Marcus,boy
Preston,boy
Bob,boy
Dock,boy
Donald,boy
Jackson,boy
Cecil,boy
Barney,boy
Delbert,boy
Edmond,boy
Anderson,boy
Christian,boy
Glenn,boy
Jefferson,boy
Luke,boy
Neal,boy
Burt,boy
Ike,boy
Myron,boy
Tony,boy
Conrad,boy
Joel,boy
Matt,boy
Riley,boy
Vincent,boy
Emory,boy
Isaiah,boy
Nick,boy
Ezra,boy
Green,boy
Juan,boy
Clifton,boy
Lucius,boy
Porter,boy
Arnold,boy
Bud,boy
Jeremiah,boy
Taylor,boy
Forrest,boy
Roland,boy
Spencer,boy
Burton,boy
Don,boy
Emmet,boy
Gustav,boy
Louie,boy
Morgan,boy
Ned,boy
Van,boy
Ambrose,boy
Chauncey,boy
Elisha,boy
Ferdinand,boy
General,boy
Julian,boy
Kenneth,boy
Mitchell,boy
Allie,boy
Josh,boy
Judson,boy
Lyman,boy
Napoleon,boy
Pedro,boy
Berry,boy
Dewitt,boy
Ervin,boy
Forest,boy
Lynn,boy
Pink,boy
Ruben,boy
Sanford,boy
Ward,boy
Douglas,boy
Ole,boy
Omer,boy
Ulysses,boy
Walker,boy
Wilbert,boy
Adelbert,boy
Benjiman,boy
Ivan,boy
Jonas,boy
Major,boy
Abner,boy
Archibald,boy
Caleb,boy
Clint,boy
Dudley,boy
Granville,boy
King,boy
Mary,boy
Merton,boy
Antonio,boy
Bennie,boy
Carroll,boy
Freeman,boy
Josiah,boy
Milo,boy
Royal,boy
Dick,boy
Earle,boy
Elza,boy
Emerson,boy
Fletcher,boy
Judge,boy
Laurence,boy
Neil,boy
Roger,boy
Seth,boy
Glen,boy
Hugo,boy
Jimmie,boy
Johnnie,boy
Washington,boy
Elwood,boy
Gust,boy
Harmon,boy
Jordan,boy
Simeon,boy
Wayne,boy
Wilber,boy
Clem,boy
Evan,boy
Frederic,boy
Irwin,boy
Junius,boy
Lafayette,boy
Loren,boy
Madison,boy
Mason,boy
Orval,boy
Abram,boy
Aubrey,boy
Elliott,boy
Hans,boy
Karl,boy
Minor,boy
Wash,boy
Wilfred,boy
Allan,boy
Alphonse,boy
Dallas,boy
Dee,boy
Isiah,boy
Jason,boy
Johnny,boy
Lawson,boy
Lew,boy
Micheal,boy
Orin,boy
Addison,boy
Cal,boy
Erastus,boy
Francisco,boy
Hardy,boy
Lucien,boy
Randolph,boy
Stewart,boy
Vern,boy
Wilmer,boy
Zack,boy
Adrian,boy
Alvah,boy
Bertram,boy
Clay,boy
Ephraim,boy
Fritz,boy
Giles,boy
Grover,boy
Harris,boy
Isom,boy
Jesus,boy
Johnie,boy
Jonathan,boy
Lucian,boy
Malcolm,boy
Merritt,boy
Otho,boy
Perley,boy
Rolla,boy
Sandy,boy
Tomas,boy
Wilford,boy
Adolphus,boy
Angus,boy
Arther,boy
Carlos,boy
Cary,boy
Cassius,boy
Davis,boy
Hamilton,boy
Harve,boy
Israel,boy
Leander,boy
Melville,boy
Merle,boy
Murray,boy
Pleasant,boy
Sterling,boy
Steven,boy
Axel,boy
Boyd,boy
Bryant,boy
Clement,boy
Erwin,boy
Ezekiel,boy
Foster,boy
Frances,boy
Geo,boy
Houston,boy
Issac,boy
Jules,boy
Larkin,boy
Mat,boy
Morton,boy
Orlando,boy
Pierce,boy
Prince,boy
Rollie,boy
Rollin,boy
Sim,boy
Stuart,boy
Wilburn,boy
Bennett,boy
Casper,boy
Christ,boy
Dell,boy
Egbert,boy
Elmo,boy
Fay,boy
Gabriel,boy
Hector,boy
Horatio,boy
Lige,boy
Saul,boy
Smith,boy
Squire,boy
Tobe,boy
Tommie,boy
Wyatt,boy
Alford,boy
Alma,boy
Alton,boy
Andres,boy
Burl,boy
Cicero,boy
Dean,boy
Dorsey,boy
Enos,boy
Howell,boy
Lou,boy
Loyd,boy
Mahlon,boy
Nat,boy
Omar,boy
Oran,boy
Parker,boy
Raleigh,boy
Reginald,boy
Rubin,boy
Seymour,boy
Wm,boy
Young,boy
Benjamine,boy
Carey,boy
Carlton,boy
Eldridge,boy
Elzie,boy
Garrett,boy
Isham,boy
Johnson,boy
Larry,boy
Logan,boy
Merrill,boy
Mont,boy
Oren,boy
Pierre,boy
Rex,boy
Rodney,boy
Ted,boy
Webster,boy
West,boy
Wheeler,boy
Willam,boy
Al,boy
Aloysius,boy
Alvie,boy
Anna,boy
Art,boy
Augustine,boy
Bailey,boy
Benjaman,boy
Beverly,boy
Bishop,boy
Clair,boy
Cloyd,boy
Coleman,boy
Dana,boy
Duncan,boy
Dwight,boy
Emile,boy
Evert,boy
Henderson,boy
Hunter,boy
Jean,boy
Lem,boy
Luis,boy
Mathias,boy
Maynard,boy
Miguel,boy
Mortimer,boy
Nels,boy
Norris,boy
Pat,boy
Phil,boy
Rush,boy
Santiago,boy
Sol,boy
Sydney,boy
Thaddeus,boy
Thornton,boy
Tim,boy
Travis,boy
Truman,boy
Watson,boy
Webb,boy
Wellington,boy
Winfred,boy
Wylie,boy
Alec,boy
Basil,boy
Baxter,boy
Bertrand,boy
Buford,boy
Burr,boy
Cleveland,boy
Colonel,boy
Dempsey,boy
Early,boy
Ellsworth,boy
Fate,boy
Finley,boy
Gabe,boy
Garland,boy
Gerald,boy
Herschel,boy
Hezekiah,boy
Justus,boy
Lindsey,boy
Marcellus,boy
Olaf,boy
Olin,boy
Pablo,boy
Rolland,boy
Turner,boy
Verne,boy
Volney,boy
Williams,boy
Almon,boy
Alois,boy
Alonza,boy
Anson,boy
Authur,boy
Benton,boy
Billie,boy
Cornelious,boy
Darius,boy
Denis,boy
Dillard,boy
Doctor,boy
Elvin,boy
Emma,boy
Eric,boy
Evans,boy
Gideon,boy
Haywood,boy
Hilliard,boy
Hosea,boy
Lincoln,boy
Lonzo,boy
Lucious,boy
Lum,boy
Malachi,boy
Newt,boy
Noel,boy
Orie,boy
Palmer,boy
Pinkney,boy
Shirley,boy
Sumner,boy
Terry,boy
Urban,boy
Uriah,boy
Valentine,boy
Waldo,boy
Warner,boy
Wong,boy
Zeb,boy
Abel,boy
Alden,boy
Archer,boy
Avery,boy
Carson,boy
Cullen,boy
Doc,boy
Eben,boy
Elige,boy
Elizabeth,boy
Elmore,boy
Ernst,boy
Finis,boy
Freddie,boy
Godfrey,boy
Guss,boy
Hamp,boy
Hermann,boy
Isadore,boy
Isreal,boy
Jones,boy
June,boy
Lacy,boy
Lafe,boy
Leland,boy
Llewellyn,boy
Ludwig,boy
Manford,boy
Maxwell,boy
Minnie,boy
Obie,boy
Octave,boy
Orrin,boy
Ossie,boy
Oswald,boy
Park,boy
Parley,boy
Ramon,boy
Rice,boy
Stonewall,boy
Theo,boy
Tillman,boy
Addie,boy
Aron,boy
Ashley,boy
Bernhard,boy
Bertie,boy
Berton,boy
Buster,boy
Butler,boy
Carleton,boy
Carrie,boy
Clara,boy
Clarance,boy
Clare,boy
Crawford,boy
Danial,boy
Dayton,boy
Dolphus,boy
Elder,boy
Ephriam,boy
Fayette,boy
Felipe,boy
Fernando,boy
Flem,boy
Florence,boy
Ford,boy
Harlan,boy
Hayes,boy
Henery,boy
Hoy,boy
Huston,boy
Ida,boy
Ivory,boy
Jonah,boy
Justin,boy
Lenard,boy
Leopold,boy
Lionel,boy
Manley,boy
Marquis,boy
Marshal,boy
Mart,boy
Odie,boy
Olen,boy
Oral,boy
Orley,boy
Otha,boy
Press,boy
Price,boy
Quincy,boy
Randall,boy
Rich,boy
Richmond,boy
Romeo,boy
Russel,boy
Rutherford,boy
Shade,boy
Shelby,boy
Solon,boy
Thurman,boy
Tilden,boy
Troy,boy
Woodson,boy
Worth,boy
Aden,boy
Alcide,boy
Alf,boy
Algie,boy
Arlie,boy
Bart,boy
Bedford,boy
Benito,boy
Billy,boy
Bird,boy
Birt,boy
Bruno,boy
Burley,boy
Chancy,boy
Claus,boy
Cliff,boy
Clovis,boy
Connie,boy
Creed,boy
Delos,boy
Duke,boy
Eber,boy
Eligah,boy
Elliot,boy
Elton,boy
Emmitt,boy
Gene,boy
Golden,boy
Hal,boy
Hardin,boy
Harman,boy
Hervey,boy
Hollis,boy
Ivey,boy
Jennie,boy
Len,boy
Lindsay,boy
Lonie,boy
Lyle,boy
Mac,boy
Mal,boy
Math,boy
Miller,boy
Orson,boy
Osborne,boy
Percival,boy
Pleas,boy
Ples,boy
Rafael,boy
Raoul,boy
Roderick,boy
Rose,boy
Shelton,boy
Sid,boy
Theron,boy
Tobias,boy
Toney,boy
Tyler,boy
Vance,boy
Vivian,boy
Walton,boy
Watt,boy
Weaver,boy
Wilton,boy
Adolf,boy
Albin,boy
Albion,boy
Allison,boy
Alpha,boy
Alpheus,boy
Anastacio,boy
Andre,boy
Annie,boy
Arlington,boy
Armand,boy
Asberry,boy
Asbury,boy
Asher,boy
Augustin,boy
Auther,boy
Author,boy
Ballard,boy
Blas,boy
Caesar,boy
Candido,boy
Cato,boy
Clarke,boy
Clemente,boy
Colin,boy
Commodore,boy
Cora,boy
Coy,boy
Cruz,boy
Curt,boy
Damon,boy
Davie,boy
Delmar,boy
Dexter,boy
Dora,boy
Doss,boy
Drew,boy
Edson,boy
Elam,boy
Elihu,boy
Eliza,boy
Elsie,boy
Erie,boy
Ernie,boy
Ethel,boy
Ferd,boy
Friend,boy
Garry,boy
Gary,boy
Grace,boy
Gustaf,boy
Hallie,boy
Hampton,boy
Harrie,boy
Hattie,boy
Hence,boy
Hillard,boy
Hollie,boy
Holmes,boy
Hope,boy
Hyman,boy
Ishmael,boy
Jarrett,boy
Jessee,boy
Joeseph,boy
Junious,boy
Kirk,boy
Levy,boy
Mervin,boy
Michel,boy
Milford,boy
Mitchel,boy
Nellie,boy
Noble,boy
Obed,boy
Oda,boy
Orren,boy
Ottis,boy
Rafe,boy
Redden,boy
Reese,boy
Rube,boy
Ruby,boy
Rupert,boy
Salomon,boy
Sammie,boy
Sanders,boy
Soloman,boy
Stacy,boy
Stanford,boy
Stanton,boy
Thad,boy
Titus,boy
Tracy,boy
Vernie,boy
Wendell,boy
Wilhelm,boy
Willian,boy
Yee,boy
Zeke,boy
Ab,boy
Abbott,boy
Agustus,boy
Albertus,boy
Almer,boy
Alphonso,boy
Alvia,boy
Artie,boy
Arvid,boy
Ashby,boy
Augusta,boy
Aurthur,boy
Babe,boy
Baldwin,boy
Barnett,boy
Bartholomew,boy
Barton,boy
Bernie,boy
Blaine,boy
Boston,boy
Brad,boy
Bradford,boy
Bradley,boy
Brooks,boy
Buck,boy
Budd,boy
Ceylon,boy
Chalmers,boy
Chesley,boy
Chin,boy
Cleo,boy
Crockett,boy
Cyril,boy
Daisy,boy
Denver,boy
Dow,boy
Duff,boy
Edie,boy
Edith,boy
Elick,boy
Elie,boy
Eliga,boy
Eliseo,boy
Elroy,boy
Ely,boy
Ennis,boy
Enrique,boy
Erasmus,boy
Esau,boy
Everette,boy
Firman,boy
Fleming,boy
Flora,boy
Gardner,boy
Gee,boy
Gorge,boy
Gottlieb,boy
Gregorio,boy
Gregory,boy
Gustavus,boy
Halsey,boy
Handy,boy
Hardie,boy
Harl,boy
Hayden,boy
Hays,boy
Hermon,boy
Hershel,boy
Holly,boy
Hosteen,boy
Hoyt,boy
Hudson,boy
Huey,boy
Humphrey,boy
Hunt,boy
Hyrum,boy
Irven,boy
Isam,boy
Ivy,boy
Jabez,boy
Jewel,boy
Jodie,boy
Judd,boy
Julious,boy
Justice,boy
Katherine,boy
Kelly,boy
Kit,boy
Knute,boy
Lavern,boy
Lawyer,boy
Layton,boy
Brown,boy
Newell,boy
Carter,boy
Lucas,boy
Ransom,boy
Bee,boy
Meyer,boy
Paris,boy
Byrd,boy
Deforest,boy
Dolph,boy
Harper,boy
Jule,boy
Lambert,boy
Margaret,boy
Ocie,boy
Orange,boy
Reece,boy
Roe,boy
Ambers,boy
Bessie,boy
Collins,boy
Elbridge,boy
Eldon,boy
Elvis,boy
Gaston,boy
Guadalupe,boy
Hartwell,boy
Knox,boy
Lue,boy
Manning,boy
Ola,boy
Reed,boy
Sampson,boy
Samual,boy
Thos,boy
Todd,boy
Tommy,boy
Unknown,boy
Wirt,boy
Woodie,boy
Alice,boy
Alvis,boy
Ammon,boy
Boss,boy
Cas,boy
Cass,boy
Chalmer,boy
Denton,boy
Elsworth,boy
Erving,boy
Fredric,boy
Furman,boy
Helen,boy
Pearlie,boy
Plummer,boy
Presley,boy
Rollo,boy
Roswell,boy
Ruffus,boy
Sheldon,boy
Tilman,boy
York,boy
Acie,boy
Alfonso,boy
Ashton,boy
Burke,boy
Cap,boy
Casimiro,boy
Collie,boy
Curley,boy
Dale,boy
Dixon,boy
Dominick,boy
Garret,boy
Gerrit,boy
Griffin,boy
Hall,boy
Heber,boy
Hurley,boy
Isidore,boy
Lorenza,boy
Marian,boy
Maud,boy
Maude,boy
Murphy,boy
Obe,boy
Orla,boy
Orlo,boy
Orrie,boy
Sebastian,boy
Starling,boy
Tolbert,boy
Whit,boy
Adrien,boy
Alto,boy
Angelo,boy
Antone,boy
Arden,boy
Atticus,boy
Belton,boy
Bertha,boy
Blair,boy
Burrell,boy
Callie,boy
Campbell,boy
Champ,boy
Coley,boy
Conway,boy
Craig,boy
Dalton,boy
Darrell,boy
Darwin,boy
Dennie,boy
Ebb,boy
Ebbie,boy
Edna,boy
Ellison,boy
Elonzo,boy
Emit,boy
Emry,boy
Ephram,boy
Esequiel,boy
Essie,boy
Esta,boy
Evertt,boy
Garner,boy
Garnett,boy
Graham,boy
Gregg,boy
Halbert,boy
Harvie,boy
Harvy,boy
Hubbard,boy
Jared,boy
Jere,boy
Joesph,boy
Johnathan,boy
Juluis,boy
Kirby,boy
Kyle,boy
Lane,boy
Lawerence,boy
Less,boy
Linwood,boy
Louise,boy
Lowell,boy
Loy,boy
Lucy,boy
Manly,boy
Mannie,boy
Marcel,boy
Marius,boy
Marrion,boy
Mercer,boy
Monte,boy
Montgomery,boy
Nolan,boy
Okey,boy
Page,boy
Philo,boy
Primus,boy
Prosper,boy
Pryor,boy
Rene,boy
Robin,boy
Roll,boy
Seward,boy
Shannon,boy
Talmage,boy
Vaughn,boy
Verner,boy
Waverly,boy
Weldon,boy
Wells,boy
Wiliam,boy
Wing,boy
Wood,boy
Wright,boy
Add,boy
Adelard,boy
Cleve,boy
Linus,boy
Martha,boy
Reinhold,boy
Junior,boy
Ace,boy
Armstead,boy
Benedict,boy
Brice,boy
Gibson,boy
May,boy
Mills,boy
Adolfo,boy
Alanzo,boy
Antoine,boy
Ethan,boy
Eustace,boy
Ewing,boy
Fernand,boy
Fisher,boy
Gail,boy
Harland,boy
Hilary,boy
Hosie,boy
Lemon,boy
Lora,boy
Marsh,boy
Newman,boy
Nickolas,boy
Olie,boy
Pearley,boy
Roman,boy
Rome,boy
Rowland,boy
Shelly,boy
Vicente,boy
Weston,boy
Alan,boy
Alberto,boy
Alexis,boy
Auguste,boy
Bascom,boy
Cameron,boy
Camille,boy
Clabe,boy
Cooper,boy
Domingo,boy
Elwin,boy
Emilio,boy
French,boy
Gerhard,boy
Hansford,boy
Jarvis,boy
Jobe,boy
Josephus,boy
Landon,boy
Lennie,boy
Leonidas,boy
Lesley,boy
Lillian,boy
Linn,boy
Littleton,boy
Lone,boy
Margarito,boy
Mattie,boy
Melton,boy
Ott,boy
Randle,boy
Seaborn,boy
Severt,boy
Steward,boy
Sylvanus,boy
Theadore,boy
Theophile,boy
Vester,boy
Wenzel,boy
Alby,boy
Alcee,boy
Almond,boy
Alvy,boy
Amon,boy
Ansel,boy
Bayard,boy
Benny,boy
Bluford,boy
Booker,boy
Burnett,boy
Burney,boy
Caswell,boy
Claudie,boy
Conley,boy
Cortez,boy
Dionicio,boy
Donnie,boy
Eldred,boy
Ell,boy
Ellery,boy
Ellwood,boy
Elva,boy
Emmit,boy
Erle,boy
Essex,boy
Ewell,boy
Ewin,boy
Fabian,boy
Florencio,boy
Fremont,boy
Gaines,boy
Garnet,boy
Gaylord,boy
German,boy
Greene,boy
Brady,boy
Festus,boy
Jewell,boy
Odell,boy
Rosco,boy
Bernice,boy
Chauncy,boy
Delmer,boy
Effie,boy
Ellie,boy
Jimmy,boy
Lars,boy
Milas,boy
Miner,boy
Rogers,boy
Sarah,boy
Wess,boy
Woody,boy
Bryan,boy
Douglass,boy
Hilton,boy
Irvine,boy
Isidor,boy
Jeptha,boy
Mabel,boy
Malcom,boy
Mell,boy
Olof,boy
Robt,boy
Ronald,boy
Simpson,boy
Spurgeon,boy
Tandy,boy
Thurlow,boy
Toy,boy
Winston,boy
Zeno,boy
Alphonsus,boy
Alvan,boy
Amado,boy
Ananias,boy
Ancel,boy
Atlas,boy
Banks,boy
Barry,boy
Blake,boy
Blanchard,boy
Bose,boy
Captain,boy
Ceasar,boy
Chance,boy
Chancey,boy
Charle,boy
Clide,boy
Dink,boy
Ella,boy
Emett,boy
Erick,boy
Estill,boy
Fenton,boy
Gale,boy
Gay,boy
Grove,boy
Hanson,boy
Harlie,boy
Harlow,boy
Haskell,boy
Ingram,boy
Iva,boy
Jep,boy
Joy,boy
Lessie,boy
Lillie,boy
Linton,boy
Linzy,boy
Little,boy
Loney,boy
Loring,boy
Lovie,boy
Lute,boy
Mace,boy
Matthias,boy
Meredith,boy
Benjamen,boy
Jens,boy
Oakley,boy
Whitney,boy
Donaciano,boy
Hayward,boy
Loran,boy
Love,boy
Son,boy
Tollie,boy
Vollie,boy
Bonnie,boy
Catherine,boy
Ebenezer,boy
Ewald,boy
Herb,boy
Julia,boy
Silvester,boy
Stafford,boy
Sullivan,boy
Thurston,boy
Wayman,boy
Wes,boy
Winnie,boy
Burrel,boy
Cleon,boy
Dozier,boy
Elden,boy
Fulton,boy
Helmer,boy
Hill,boy
Hjalmer,boy
Ignatz,boy
Kelley,boy
Marlin,boy
Moody,boy
Myrtle,boy
Namon,boy
Odin,boy
Odis,boy
Oley,boy
Osborn,boy
Osie,boy
Prentice,boy
Purl,boy
Roby,boy
Shep,boy
Simmie,boy
Stanislaus,boy
Vander,boy
Zollie,boy
Abb,boy
Ah,boy
Aleck,boy
Beecher,boy
Blain,boy
Bowman,boy
Bunk,boy
Burgess,boy
Carol,boy
Charly,boy
Clell,boy
Cody,boy
Lamar,boy
Worley,boy
Arley,boy
Nicolas,boy
Terence,boy
Claire,boy
Earley,boy
Elzy,boy
Fielding,boy
Gertrude,boy
Nora,boy
Norton,boy
Clemens,boy
Earlie,boy
Ellen,boy
Epifanio,boy
Glover,boy
Lark,boy
Laurance,boy
Leigh,boy
Braxton,boy
Cleave,boy
Colon,boy
Constantine,boy
Dominic,boy
Emiliano,boy
Fleet,boy
Franklyn,boy
Hobart,boy
Josephine,boy
Laverne,boy
Lillard,boy
Lim,boy
Merlin,boy
Milan,boy
Nim,boy
Norbert,boy
North,boy
Orland,boy
Orvis,boy
Reason,boy
Rob,boy
Virge,boy
Zenas,boy
Ada,boy
Alejandro,boy
Atha,boy
Audie,boy
Boyce,boy
Brent,boy
Burdette,boy
Cash,boy
Chase,boy
Clive,boy
Courtney,boy
Cris,boy
Dawson,boy
Drury,boy
Duane,boy
Elon,boy
Estevan,boy
Fitzhugh,boy
Fount,boy
Gray,boy
Terrence,boy
Bartley,boy
Shedrick,boy
Dixie,boy
Ignacio,boy
Merl,boy
Nehemiah,boy
Norwood,boy
Raphael,boy
Reno,boy
Rudy,boy
Rueben,boy
Sylvan,boy
Virgle,boy
Charls,boy
Cole,boy
Elby,boy
Ferman,boy
Fern,boy
Florian,boy
Fuller,boy
Gorden,boy
Gussie,boy
Ham,boy
Hazel,boy
Ignatius,boy
Joaquin,boy
Lacey,boy
Laurie,boy
Lilburn,boy
Lovell,boy
Lovett,boy
Malvin,boy
Manson,boy
Pratt,boy
Reid,boy
Ruffin,boy
Tomie,boy
Vince,boy
Wayland,boy
Acey,boy
Alger,boy
Algernon,boy
Amasa,boy
Amil,boy
Barrett,boy
Britt,boy
Burns,boy
Calhoun,boy
Christy,boy
Cletus,boy
Colbert,boy
Courtland,boy
Myles,boy
Irl,boy
Benson,boy
Norval,boy
Armond,boy
Frazier,boy
Thompson,boy
Alfredo,boy
Grady,boy
Lorenz,boy
Peyton,boy
Seldon,boy
Ethelbert,boy
Eva,boy
Gilman,boy
Henri,boy
Iver,boy
Laura,boy
Leonce,boy
Mamie,boy
Orion,boy
Ottie,boy
Rudolf,boy
Selmer,boy
Shepherd,boy
Yancy,boy
Abbie,boy
Agnes,boy
Arnie,boy
Arvin,boy
Blanche,boy
Bliss,boy
Cassie,boy
Dewey,boy
Diego,boy
Dorr,boy
Edmon,boy
Estes,boy
Gilford,boy
Graves,boy
Hillery,boy
Laurel,boy
Carlisle,boy
Hughie,boy
Orvel,boy
Angel,boy
Horton,boy
Lena,boy
Marie,boy
Waymon,boy
Arno,boy
Burnie,boy
Elgie,boy
Fannie,boy
Felton,boy
Keith,boy
Maxie,boy
Nils,boy
Sie,boy
Sonny,boy
Vere,boy
Virgie,boy
Benjman,boy
Bernardo,boy
Casey,boy
Celestino,boy
Cephus,boy
Della,boy
Hart,boy
Hillary,boy
Hilmer,boy
Holland,boy
Jacques,boy
Johny,boy
Jordon,boy
Julien,boy
Julio,boy
Kay,boy
Le,boy
Leeroy,boy
Liston,boy
Lott,boy
Doyle,boy
Gerard,boy
Alfonzo,boy
Carlie,boy
Branch,boy
Bush,boy
Elgin,boy
Federico,boy
Franz,boy
Governor,boy
Maury,boy
Nancy,boy
Salvatore,boy
Werner,boy
Edw,boy
Ernesto,boy
Fed,boy
Foy,boy
Galen,boy
Genie,boy
Hjalmar,boy
Lawton,boy
Levin,boy
Lish,boy
Pascal,boy
Posey,boy
Redmond,boy
Rosendo,boy
Talmadge,boy
Winford,boy
Abie,boy
Alta,boy
Alver,boy
Anatole,boy
Bobbie,boy
Boone,boy
Buell,boy
Claiborne,boy
Loyal,boy
Eduardo,boy
Maggie,boy
Needham,boy
Mansfield,boy
Ras,boy
Guilford,boy
Sing,boy
Xavier,boy
Charlton,boy
Eula,boy
Mckinley,boy
Polk,boy
Shellie,boy
Bentley,boy
Claudius,boy
Conard,boy
Cornell,boy
Ester,boy
Esther,boy
Mae,boy
Mildred,boy
Neely,boy
Owens,boy
Rance,boy
Red,boy
Robbie,boy
Sigurd,boy
Teddy,boy
Val,boy
Almus,boy
Sheridan,boy
Lorin,boy
Carmine,boy
Jonnie,boy
Kent,boy
Murl,boy
Ricardo,boy
Wilfrid,boy
Adlai,boy
Buddie,boy
Burk,boy
Dessie,boy
Edison,boy
Gifford,boy
Goldie,boy
Hurbert,boy
Iverson,boy
Job,boy
Leamon,boy
Olive,boy
Powell,boy
Rexford,boy
Roma,boy
Romie,boy
Vick,boy
Waldemar,boy
Zebulon,boy
Alferd,boy
Algot,boy
Alphons,boy
Audley,boy
Barnard,boy
Berkley,boy
Bethel,boy
Caroline,boy
Corbett,boy
Ruth,boy
Fidel,boy
Guillermo,boy
Murry,boy
Reubin,boy
Rocco,boy
Samson,boy
Westley,boy
Alba,boy
Irene,boy
Murdock,boy
Nolen,boy
Royce,boy
Ruel,boy
Willaim,boy
Beryl,boy
Beulah,boy
Burleigh,boy
Carrol,boy
Con,boy
Dillon,boy
Ebert,boy
Encarnacion,boy
Cedric,boy
Estel,boy
Mayo,boy
Shelley,boy
Thorwald,boy
Durward,boy
Luster,boy
Arnett,boy
Aubra,boy
Avon,boy
Bolden,boy
Dannie,boy
Elex,boy
Ferris,boy
Jeffie,boy
Lexie,boy
Link,boy
Moises,boy
Myer,boy
Carlyle,boy
Arvel,boy
Erby,boy
Floy,boy
Hughey,boy
Ovid,boy
Alston,boy
Audrey,boy
Buddy,boy
Clemmie,boy
Clemon,boy
Dorothy,boy
Einar,boy
Gurney,boy
Hebert,boy
Hezzie,boy
Kurt,boy
Lois,boy
Lula,boy
Mearl,boy
Oddie,boy
Ramsey,boy
Vinton,boy
Zed,boy
Audy,boy
Barnie,boy
Donat,boy
Emmons,boy
Erich,boy
Esley,boy
Eston,boy
Roosevelt,boy
Hartley,boy
Jennings,boy
Hobert,boy
Montie,boy
Rae,boy
Arvil,boy
Casimer,boy
Elwyn,boy
Evander,boy
Gaither,boy
Grafton,boy
Guthrie,boy
Jettie,boy
Lannie,boy
Lea,boy
Moe,boy
Nestor,boy
Ovila,boy
Reynold,boy
Reynolds,boy
Susie,boy
True,boy
Alwin,boy
Casimir,boy
Vergil,boy
Hazen,boy
Sigmund,boy
Saint,boy
Silver,boy
Eugenio,boy
Lisle,boy
Milburn,boy
Carmen,boy
Orris,boy
Rayford,boy
Raymon,boy
Virgel,boy
Aloys,boy
Cam,boy
Hale,boy
Nile,boy
Offie,boy
Opal,boy
Rosa,boy
Wardell,boy
Willy,boy
Acy,boy
Arthor,boy
Boysie,boy
Britton,boy
Oris,boy
Gladys,boy
Georgia,boy
Bryon,boy
Elvie,boy
Frankie,boy
Mario,boy
Pasquale,boy
Rhoda,boy
Rossie,boy
Sherwood,boy
Buel,boy
Clearence,boy
Dabney,boy
Diamond,boy
Dorris,boy
Everet,boy
Ezell,boy
Hobson,boy
Admiral,boy
Shafter,boy
Maceo,boy
Schley,boy
Ewart,boy
Patsy,boy
Arba,boy
Orvil,boy
Adams,boy
Collier,boy
Gayle,boy
Gladstone,boy
Hilario,boy
Kathryn,boy
Mickey,boy
Odus,boy
Vernal,boy
Von,boy
Haven,boy
Williard,boy
Stephan,boy
Collis,boy
Griffith,boy
Jethro,boy
Vic,boy
Viola,boy
Baker,boy
Beatrice,boy
Bynum,boy
Colvin,boy
Doris,boy
Elizah,boy
Eunice,boy
Leighton,boy
Linnie,boy
Lizzie,boy
Rosevelt,boy
Farris,boy
Lemmie,boy
Estell,boy
Goebel,boy
Tallie,boy
Arlo,boy
Artis,boy
Collin,boy
Eddy,boy
Hester,boy
Lauren,boy
Lupe,boy
Ozie,boy
Salvador,boy
Santos,boy
Schuyler,boy
Arturo,boy
Donovan,boy
Kermit,boy
Eino,boy
Olan,boy
Danny,boy
Lola,boy
Esco,boy
Josef,boy
Lance,boy
Leona,boy
Mathews,boy
Ova,boy
Pate,boy
Regis,boy
Rosario,boy
Vito,boy
Adron,boy
Ancil,boy
Arland,boy
Buren,boy
Erland,boy
Johney,boy
Clarnce,boy
Garvin,boy
Agustin,boy
Nathen,boy
Oneal,boy
Verna,boy
Victoriano,boy
Doll,boy
Georgie,boy
Heyward,boy
Ivor,boy
Myrl,boy
Beckham,boy
Thedore,boy
Thelma,boy
Trinidad,boy
Verl,boy
Evelyn,boy
Hershell,boy
Marty,boy
Roberto,boy
Teddie,boy
Terrell,boy
Hilbert,boy
Lenon,boy
Lenord,boy
Ozzie,boy
Porfirio,boy
Sammy,boy
Rayfield,boy
Waino,boy
Clemence,boy
Harm,boy
Jamie,boy
Vincenzo,boy
Welton,boy
Adrain,boy
Arbie,boy
Betty,boy
Bobby,boy
Desmond,boy
Domenic,boy
Duard,boy
Raul,boy
Severo,boy
Tobie,boy
Council,boy
Domenick,boy
Darrel,boy
Graydon,boy
Fredie,boy
Eliot,boy
Hoke,boy
Pauline,boy
Tyree,boy
Arne,boy
Bell,boy
Carlo,boy
Hansel,boy
Jiles,boy
Leonardo,boy
Quentin,boy
Toby,boy
Verlin,boy
Winthrop,boy
Domenico,boy
Harrold,boy
Lucille,boy
Ryan,boy
Benard,boy
Quinton,boy
Rodolfo,boy
Armando,boy
Delmas,boy
Denzil,boy
Luciano,boy
Lyndon,boy
Vera,boy
Taft,boy
Delphin,boy
Rodger,boy
Woodrow,boy
Burnice,boy
Giovanni,boy
Americo,boy
Ardell,boy
Delmus,boy
Gilmer,boy
Lucio,boy
Mariano,boy
Ogden,boy
Oland,boy
Prentiss,boy
Samie,boy
Hadley,boy
Francesco,boy
Toivo,boy
Robley,boy
Verle,boy
Farrell,boy
Nathanial,boy
Reyes,boy
Eleanor,boy
Emmanuel,boy
Esker,boy
Florentino,boy
Gaetano,boy
Levie,boy
Guido,boy
Aurelio,boy
Curtiss,boy
Othel,boy
Santo,boy
Harrell,boy
Lenwood,boy
Leopoldo,boy
Dante,boy
Ann,boy
Halley,boy
Reino,boy
Carmelo,boy
Wyman,boy
Silvio,boy
Colie,boy
Alfonse,boy
Aldo,boy
Amerigo,boy
Enrico,boy
Gasper,boy
Attilio,boy
Woodroe,boy
Nunzio,boy
Burnell,boy
Erling,boy
Gilberto,boy
Glendon,boy
Larue,boy
Masao,boy
Nevin,boy
Armin,boy
Tyrus,boy
Kendall,boy
Garold,boy
Gennaro,boy
Cosmo,boy
Luigi,boy
Hymen,boy
Donato,boy
Melbourne,boy
Merwin,boy
Winton,boy
Gino,boy
Glenwood,boy
Geno,boy
Glynn,boy
Nello,boy
Durwood,boy
Gilmore,boy
Saverio,boy
Garth,boy
Hiroshi,boy
Arlin,boy
Yoshio,boy
Arvo,boy
Deward,boy
Hughes,boy
Tatsuo,boy
Jerald,boy
Zigmund,boy
Gerhardt,boy
Lynwood,boy
Berlin,boy
Merlyn,boy
Pershing,boy
Hideo,boy
Normand,boy
Orvin,boy
Joyce,boy
Minoru,boy
Foch,boy
Bryce,boy
Carmel,boy
Marco,boy
Winifred,boy
Edsel,boy
Quinten,boy
Kiyoshi,boy
Therman,boy
Kazuo,boy
Metro,boy
Laddie,boy
Harding,boy
Kennith,boy
Eloy,boy
Daryl,boy
Rayburn,boy
Jon,boy
Dewayne,boy
Marcos,boy
Kevin,boy
Harden,boy
Delton,boy
Reynaldo,boy
Donal,boy
Toshio,boy
Dwayne,boy
Zane,boy
Luverne,boy
Jackie,boy
Ramiro,boy
Harlen,boy
Deane,boy
Dwain,boy
Boris,boy
Dorman,boy
Coolidge,boy
Refugio,boy
Darold,boy
Donn,boy
Faustino,boy
Brian,boy
Melvyn,boy
Esteban,boy
Freddy,boy
Virginia,boy
Marlyn,boy
Ken,boy
Dwaine,boy
Gearld,boy
Valentino,boy
Lindy,boy
Lindbergh,boy
Shoji,boy
Denny,boy
Gonzalo,boy
Jorge,boy
Jerrold,boy
Akira,boy
Maria,boy
Hoover,boy
Jerold,boy
Arlen,boy
Ronnie,boy
Marcelino,boy
Verlyn,boy
Ismael,boy
Fidencio,boy
Dolores,boy
Adan,boy
Davey,boy
Derald,boy
Barbara,boy
Humberto,boy
Joan,boy
Sherwin,boy
Lavon,boy
Duwayne,boy
Genaro,boy
Kenny,boy
Rogelio,boy
Rolf,boy
Arnulfo,boy
Gerry,boy
Derl,boy
Gerold,boy
Arlan,boy
Patricia,boy
Dino,boy
Wally,boy
Mervyn,boy
Allyn,boy
Monty,boy
Dickie,boy
Jan,boy
Arlis,boy
Kaye,boy
Kenton,boy
Sherrill,boy
Darl,boy
Raymundo,boy
Delano,boy
Terrance,boy
Ronny,boy
Chuck,boy
Orlin,boy
Gloria,boy
Darryl,boy
Marc,boy
Sal,boy
Stan,boy
Cordell,boy
Darvin,boy
Derrell,boy
Jame,boy
Jacky,boy
Lanny,boy
Ron,boy
Marland,boy
Arlyn,boy
Jerrell,boy
Jeffrey,boy
Valentin,boy
Kerry,boy
Ferrell,boy
Gaylon,boy
Jerrel,boy
Darwyn,boy
Dwane,boy
Randy,boy
Ian,boy
Delwin,boy
Gustavo,boy
Verlon,boy
Vernell,boy
Delma,boy
Windell,boy
Kim,boy
Errol,boy
Reggie,boy
Geoffrey,boy
Mel,boy
Sergio,boy
Del,boy
Donnell,boy
Tyrone,boy
Sharon,boy
Donny,boy
Doug,boy
Marilyn,boy
Carolyn,boy
Delvin,boy
Janet,boy
Levon,boy
Ozell,boy
Gaylen,boy
Lamont,boy
Tex,boy
Lonny,boy
Autry,boy
Rondal,boy
Randal,boy
Dion,boy
Greg,boy
Sandra,boy
Judith,boy
Scotty,boy
Ronal,boy
Jeffery,boy
Randell,boy
Joey,boy
Nicky,boy
Leonel,boy
Harlon,boy
Lawrance,boy
Linda,boy
Barrie,boy
Darnell,boy
Isidro,boy
Wilkie,boy
Rick,boy
Ricky,boy
Donna,boy
Janice,boy
Javier,boy
Wendel,boy
Erik,boy
Lindell,boy
Judy,boy
Jeffry,boy
Karen,boy
Brendan,boy
Darell,boy
Mcarthur,boy
Macarthur,boy
Rickey,boy
Rod,boy
Niles,boy
Jeremy,boy
Susan,boy
Walt,boy
Lary,boy
Jaime,boy
Noe,boy
Rocky,boy
Derek,boy
Les,boy
Terrill,boy
Russ,boy
Timmy,boy
Butch,boy
Sean,boy
Linden,boy
Roddy,boy
Rickie,boy
Lenny,boy
Rusty,boy
Dane,boy
Geary,boy
Eusebio,boy
Garey,boy
Lucky,boy
Gerardo,boy
Gil,boy
Richie,boy
Carnell,boy
Chad,boy
Hank,boy
Dorian,boy
Rolando,boy
Kip,boy
Mikel,boy
Jonathon,boy
Stevan,boy
Kris,boy
Jody,boy
Lyn,boy
Zachary,boy
Brett,boy
Patric,boy
Rory,boy
Rand,boy
Robby,boy
Cornel,boy
Shawn,boy
Skip,boy
Randel,boy
Jed,boy
Dirk,boy
Brock,boy
Deryl,boy
Stevie,boy
Derrick,boy
Jerel,boy
Cesar,boy
Baron,boy
Kathleen,boy
Stefan,boy
Donell,boy
Corey,boy
Kelvin,boy
Ezzard,boy
Tod,boy
Shaun,boy
Brant,boy
Scot,boy
Efrain,boy
Stacey,boy
Brandon,boy
Marlon,boy
Jory,boy
Layne,boy
Danniel,boy
Michial,boy
Ritchie,boy
Edwardo,boy
Kimberly,boy
Ricki,boy
Kurtis,boy
Cory,boy
Deborah,boy
Scottie,boy
Erasmo,boy
Rudolfo,boy
Lex,boy
Rodrick,boy
Daryle,boy
Greggory,boy
Darren,boy
Mikeal,boy
Trent,boy
Michal,boy
Theodis,boy
Damian,boy
Kimball,boy
Michale,boy
Wilfredo,boy
Shane,boy
Robbin,boy
Kraig,boy
Kirt,boy
Chip,boy
Randolf,boy
Bret,boy
Antony,boy
Bradly,boy
Faron,boy
Blaise,boy
Alvaro,boy
Ricci,boy
Dusty,boy
Debra,boy
Rock,boy
Keven,boy
Gavin,boy
Kevan,boy
Blane,boy
Demetrius,boy
Rahn,boy
Barron,boy
Heriberto,boy
Jude,boy
Levern,boy
Darcy,boy
Micky,boy
Kennard,boy
Davy,boy
Tad,boy
Rhett,boy
Ty,boy
Mitch,boy
Jefferey,boy
Dann,boy
Timmothy,boy
Broderick,boy
Derwin,boy
Chet,boy
Quintin,boy
Timmie,boy
Tab,boy
Tracey,boy
Jace,boy
Kem,boy
Brion,boy
Andrea,boy
Cynthia,boy
Kennth,boy
Renaldo,boy
Desi,boy
Renard,boy
Trevor,boy
Kenney,boy
Brien,boy
Cheyenne,boy
Derick,boy
Robb,boy
Devin,boy
Kerwin,boy
Grayling,boy
Quinn,boy
Wayde,boy
Maverick,boy
Tobin,boy
Kristopher,boy
Keenan,boy
Diane,boy
Cheryl,boy
Reinaldo,boy
Jamey,boy
Darrin,boy
Flint,boy
Darin,boy
Daren,boy
Efrem,boy
Kieth,boy
Micah,boy
Andra,boy
Chaim,boy
Raynard,boy
Leif,boy
Kennedy,boy
Lisa,boy
Darrick,boy
Darry,boy
Roel,boy
Darron,boy
Darryle,boy
Stephon,boy
Darryll,boy
Brenda,boy
Devon,boy
Arnoldo,boy
Kory,boy
Regan,boy
Brook,boy
Shayne,boy
Lorne,boy
Parrish,boy
Drake,boy
Norberto,boy
Kalvin,boy
Pernell,boy
Markus,boy
Thor,boy
Osvaldo,boy
Anibal,boy
Daron,boy
Deon,boy
Edgardo,boy
Geoff,boy
Tammy,boy
Jayson,boy
Rodrigo,boy
Tyron,boy
Dwyane,boy
Stoney,boy
Tal,boy
Jaimie,boy
Trenton,boy
Andreas,boy
Vinson,boy
Pamela,boy
Erin,boy
Mauricio,boy
Rigoberto,boy
Roderic,boy
Destry,boy
Deron,boy
Fitzgerald,boy
Quint,boy
Kipp,boy
Trey,boy
Kendrick,boy
Deric,boy
Terance,boy
Antonia,boy
Shon,boy
Daryn,boy
Darien,boy
Darryn,boy
Trace,boy
Darian,boy
Dario,boy
Chadwick,boy
Brain,boy
Reginal,boy
Heath,boy
Jarrod,boy
Michelle,boy
Illya,boy
Brenton,boy
Michele,boy
Dylan,boy
Efren,boy
Arron,boy
Tyson,boy
Cedrick,boy
Dereck,boy
Brennan,boy
Jerrod,boy
Garrick,boy
Jennifer,boy
Angela,boy
Claudio,boy
Derik,boy
Octavio,boy
Alfie,boy
Brendon,boy
Kristian,boy
Shad,boy
Ariel,boy
Liam,boy
Tina,boy
Beau,boy
Giuseppe,boy
Franco,boy
Dustin,boy
Jamal,boy
Damien,boy
Waylon,boy
Colby,boy
Damion,boy
Brenden,boy
Korey,boy
Tye,boy
Rico,boy
Darby,boy
Melissa,boy
Anthoney,boy
Jade,boy
Lamonte,boy
Shan,boy
Johnathon,boy
Tory,boy
Trever,boy
Lazaro,boy
Jemal,boy
Jamison,boy
Aric,boy
Ari,boy
Donavan,boy
Torrey,boy
Torrance,boy
Shanon,boy
Chandler,boy
Ali,boy
Corwin,boy
Amy,boy
Jameson,boy
Demetrios,boy
Jasen,boy
Davin,boy
Cale,boy
Jermaine,boy
Malik,boy
Jeromy,boy
Jammie,boy
Che,boy
Bronson,boy
Dax,boy
Brandt,boy
Kenyatta,boy
Antione,boy
Laron,boy
Antwan,boy
Branden,boy
Dedric,boy
Jayme,boy
Kelsey,boy
Torrence,boy
Shea,boy
Kenyon,boy
Kristin,boy
Shay,boy
Corbin,boy
Cristopher,boy
Jeramy,boy
Braden,boy
Kenya,boy
Dedrick,boy
Tate,boy
Germaine,boy
Nigel,boy
Jerod,boy
Christoper,boy
Chadd,boy
Jarod,boy
Tristan,boy
Brannon,boy
Jeremey,boy
Deandre,boy
Kiley,boy
Donavon,boy
Sedrick,boy
Hassan,boy
Jamel,boy
Jeramie,boy
Marcelo,boy
Coby,boy
Deshawn,boy
Toriano,boy
Kwame,boy
Kasey,boy
Demian,boy
Kristofer,boy
Paulo,boy
Donte,boy
Jarred,boy
Demond,boy
Kareem,boy
Vidal,boy
Zachariah,boy
Jamar,boy
Abdul,boy
Jermain,boy
Tremayne,boy
Jeremie,boy
Marlo,boy
Lashawn,boy
Brandy,boy
Josue,boy
Jabbar,boy
Kristoffer,boy
Diallo,boy
Tito,boy
Damond,boy
Nicole,boy
Dameon,boy
Rahsaan,boy
Nathanael,boy
Abelardo,boy
Cade,boy
Vashon,boy
Taurus,boy
Chadrick,boy
Tarik,boy
Marcello,boy
Dominique,boy
Donta,boy
Moshe,boy
Zachery,boy
Jevon,boy
Stephanie,boy
Nakia,boy
Telly,boy
Ahmad,boy
Jamil,boy
Toma,boy
Trinity,boy
Jereme,boy
Dejuan,boy
Jabari,boy
Ahmed,boy
Heather,boy
Demarcus,boy
Antwon,boy
Jered,boy
Rashad,boy
Kristen,boy
Mauro,boy
Benji,boy
Tavares,boy
Marques,boy
Rasheed,boy
Jerad,boy
Corry,boy
Cristobal,boy
Deangelo,boy
Karim,boy
Sharif,boy
Demarco,boy
Kareen,boy
Rebecca,boy
Raheem,boy
Jamaal,boy
Jovan,boy
Seneca,boy
Jermey,boy
Torey,boy
Hakim,boy
Cortney,boy
Jamin,boy
Javon,boy
Zackary,boy
Ezequiel,boy
Jerimy,boy
Muhammad,boy
Jameel,boy
Brody,boy
Jaron,boy
Dimitrios,boy
Taj,boy
Tanner,boy
Torry,boy
Amir,boy
Levar,boy
Lavar,boy
Kunta,boy
Jedediah,boy
Jerimiah,boy
Kinte,boy
Rashawn,boy
Jeramiah,boy
Jessica,boy
Jedidiah,boy
Amin,boy
Rian,boy
Conor,boy
Lydell,boy
Davon,boy
Kaleb,boy
Samir,boy
Zackery,boy
Khalid,boy
Bo,boy
Cristian,boy
Demetric,boy
Horacio,boy
Anwar,boy
Nicholaus,boy
Kenji,boy
Nikolas,boy
Demario,boy
Johnpaul,boy
Nicklaus,boy
Jarret,boy
Kody,boy
Antwain,boy
Dequan,boy
Lukas,boy
Christina,boy
Deshaun,boy
Juston,boy
Hasan,boy
Jeb,boy
Amanda,boy
Andrae,boy
Kendell,boy
Tucker,boy
Keon,boy
Garett,boy
Amit,boy
Omari,boy
Tyrell,boy
Mohammad,boy
Bryson,boy
Tyrel,boy
Tremaine,boy
Jarrad,boy
Rustin,boy
Kai,boy
Justen,boy
Keegan,boy
Chaz,boy
Yoel,boy
Jarad,boy
Jessy,boy
Bjorn,boy
Brandan,boy
Dustan,boy
Isaias,boy
Kellen,boy
Skyler,boy
Marchello,boy
Mohammed,boy
Johathan,boy
Adalberto,boy
Connor,boy
Dontae,boy
Taurean,boy
Skylar,boy
Mohamed,boy
Colt,boy
Kiel,boy
Colton,boy
Eliezer,boy
Darrius,boy
Tuan,boy
Hung,boy
Long,boy
Lamarcus,boy
Justine,boy
Huy,boy
Akeem,boy
Cassidy,boy
Devan,boy
Martell,boy
Remington,boy
Jacoby,boy
Jakob,boy
Trumaine,boy
Marquise,boy
Deven,boy
Crystal,boy
Ryne,boy
Coty,boy
Grayson,boy
Jerrad,boy
Jarrell,boy
Baby,boy
Brandin,boy
Alonso,boy
Danielle,boy
Tavon,boy
Travon,boy
Deonte,boy
Rachel,boy
Kameron,boy
Tavaris,boy
Tylor,boy
Jairo,boy
Durell,boy
Durrell,boy
Channing,boy
Jaymes,boy
Dakota,boy
Keaton,boy
Ulises,boy
Brandyn,boy
Mackenzie,boy
Maximilian,boy
Uriel,boy
Terell,boy
Kale,boy
Dandre,boy
Kolby,boy
Joshuah,boy
Martez,boy
Rayshawn,boy
Dangelo,boy
Derrek,boy
Cordero,boy
Jayce,boy
Yaakov,boy
Kyler,boy
Alexandro,boy
Zechariah,boy
Giancarlo,boy
Garrison,boy
Spenser,boy
Austen,boy
Payton,boy
Kalen,boy
Kane,boy
Mychal,boy
Conner,boy
Cordaro,boy
Dashawn,boy
Holden,boy
Octavius,boy
Rashaad,boy
Montrell,boy
Jaren,boy
Joseluis,boy
Trevin,boy
Brennen,boy
Kegan,boy
Camron,boy
Colten,boy
Codey,boy
Arsenio,boy
Jaquan,boy
Geraldo,boy
Kelby,boy
Jamarcus,boy
Marquez,boy
Dominque,boy
Brittany,boy
Ridge,boy
Mikhail,boy
Brantley,boy
Nico,boy
Kade,boy
Alexandre,boy
Christop,boy
Infant,boy
Alexande,boy
Hakeem,boy
Kadeem,boy
Gage,boy
Khiry,boy
Jasmine,boy
Daquan,boy
Niko,boy
Rakeem,boy
Nikko,boy
Dionte,boy
Samantha,boy
Darion,boy
Kendal,boy
Kiara,boy
Tiffany,boy
Khalil,boy
Najee,boy
Ladarius,boy
Stetson,boy
Yosef,boy
Trevon,boy
Dimitri,boy
Tevin,boy
Denzel,boy
Male,boy
Laquan,boy
Kiefer,boy
Jorden,boy
Ibrahim,boy
Mykel,boy
Kevon,boy
Zakary,boy
Aidan,boy
Talon,boy
Codie,boy
Hernan,boy
Camden,boy
Deontae,boy
Keenen,boy
Misael,boy
Devonte,boy
Sage,boy
Dillan,boy
Gunnar,boy
Shaquille,boy
Dillion,boy
Dylon,boy
Storm,boy
Domonique,boy
Codi,boy
Jaleel,boy
Davion,boy
Brayden,boy
Denzell,boy
Devante,boy
Dijon,boy
Keifer,boy
Tariq,boy
Babyboy,boy
Sawyer,boy
Desean,boy
Deonta,boy
Kolton,boy
Justyn,boy
Unnamed,boy
Dejon,boy
Bilal,boy
Deante,boy
Jalen,boy
Tre,boy
Davonte,boy
Devonta,boy
Javonte,boy
Devontae,boy
Deion,boy
Demetri,boy
Davante,boy
Dyllan,boy
Trae,boy
Dondre,boy
Tayler,boy
Caden,boy
Dakotah,boy
Montel,boy
Davonta,boy
Dalvin,boy
Tyshawn,boy
Maximillian,boy
Juwan,boy
Tyquan,boy
Kieran,boy
Colter,boy
Jaylen,boy
Devyn,boy
Savon,boy
Deondre,boy
Darrian,boy
Dallin,boy
Jordy,boy
Mikal,boy
Adonis,boy
Kelton,boy
Shaquan,boy
Devaughn,boy
Darrien,boy
Austyn,boy
Kaden,boy
Darrion,boy
Fredy,boy
Montana,boy
Kole,boy
Syed,boy
Demonte,boy
Dakoda,boy
Jaden,boy
Keanu,boy
Jaylon,boy
Daulton,boy
Shyheim,boy
Markell,boy
Menachem,boy
Markel,boy
Jayden,boy
Khari,boy
Trayvon,boy
Gunner,boy
Auston,boy
Cain,boy
Jaylin,boy
River,boy
Alek,boy
Destin,boy
Tyrin,boy
Ryder,boy
Armani,boy
Kahlil,boy
Bryton,boy
Jonatan,boy
Tristen,boy
Triston,boy
Raekwon,boy
Tristin,boy
Anfernee,boy
Draven,boy
Romello,boy
Stone,boy
Tristian,boy
Easton,boy
Treyvon,boy
Aiden,boy
Rashaan,boy
Rohan,boy
Killian,boy
Phoenix,boy
Greyson,boy
Latrell,boy
Brennon,boy
Seamus,boy
Isai,boy
Branson,boy
Damarcus,boy
Mateo,boy
Keshawn,boy
Keyshawn,boy
Trystan,boy
Braeden,boy
Brayan,boy
Shamar,boy
Keion,boy
Raquan,boy
Jair,boy
Braydon,boy
Shemar,boy
Reilly,boy
Reagan,boy
Jaylan,boy
Nasir,boy
Abdullah,boy
Dominik,boy
Keagan,boy
Kordell,boy
Kobe,boy
Gianni,boy
Jaret,boy
Koby,boy
Nash,boy
Rylan,boy
Jaxon,boy
Giovanny,boy
Ronaldo,boy
Coleton,boy
Amari,boy
Jarett,boy
Keyon,boy
Paxton,boy
Landen,boy
Raven,boy
Jamari,boy
Jovani,boy
Jovanny,boy
Keandre,boy
Kenan,boy
Jajuan,boy
Ryley,boy
Nikhil,boy
Tyrese,boy
Tyrek,boy
Zion,boy
Declan,boy
Savion,boy
Kamron,boy
Jadon,boy
Tyrique,boy
Tahj,boy
Tyriq,boy
Tyreek,boy
Izaiah,boy
Tavian,boy
Jacquez,boy
Alessandro,boy
Kyree,boy
Tyrik,boy
Jordi,boy
Jalon,boy
Mekhi,boy
Jelani,boy
Matteo,boy
Johan,boy
Hamza,boy
Brycen,boy
Jovany,boy
Miguelangel,boy
Jensen,boy
Rahul,boy
Christion,boy
Judah,boy
Konnor,boy
Kylan,boy
Jaiden,boy
Tyreke,boy
Cayden,boy
Jett,boy
Zaire,boy
Jaydon,boy
Korbin,boy
Tyreese,boy
Braedon,boy
Jaxson,boy
Xander,boy
Camren,boy
Semaj,boy
Ean,boy
Gaven,boy
Karson,boy
Trevion,boy
Ayden,boy
Rey,boy
Tavion,boy
Braiden,boy
Kadin,boy
Arman,boy
Aditya,boy
Rowan,boy
Bridger,boy
Kayden,boy
Elian,boy
Luca,boy
Finn,boy
Kaiden,boy
Sincere,boy
Maximus,boy
Xzavier,boy
Blaze,boy
Gaige,boy
London,boy
Keshaun,boy
Sabastian,boy
Kavon,boy
Kian,boy
Brodie,boy
Jaeden,boy
Javion,boy
Jamir,boy
Maxim,boy
Alexzander,boy
Kamren,boy
Zander,boy
Dayne,boy
Isaak,boy
Jaheim,boy
Jagger,boy
Oswaldo,boy
Ronan,boy
Haden,boy
Jadyn,boy
Immanuel,boy
Alijah,boy
Jakobe,boy
Imanol,boy
Jordyn,boy
Zain,boy
Yusuf,boy
Gavyn,boy
Pranav,boy
Yehuda,boy
Daunte,boy
Caiden,boy
Arjun,boy
Jahiem,boy
Zavier,boy
Mustafa,boy
Rylee,boy
Giovani,boy
Jovanni,boy
Omarion,boy
Yahir,boy
Amarion,boy
Gael,boy
Cael,boy
Treyton,boy
Aryan,boy
Jaheem,boy
Malakai,boy
Javen,boy
Lisandro,boy
Santino,boy
Adriel,boy
Ethen,boy
Luc,boy
Maximo,boy
Cason,boy
Gannon,boy
Jaquez,boy
Bradyn,boy
Jase,boy
Zayne,boy
Osbaldo,boy
Maddox,boy
Jamarion,boy
Yair,boy
Aydan,boy
Konner,boy
Damarion,boy
Jahir,boy
Enzo,boy
Cannon,boy
Kamari,boy
Kaeden,boy
Ryker,boy
Soren,boy
Mordechai,boy
Cristofer,boy
Ryland,boy
Zaid,boy
Arnav,boy
Canyon,boy
Kanye,boy
Kyan,boy
Cohen,boy
Braylon,boy
Davian,boy
Jaidyn,boy
Demarion,boy
Landyn,boy
Luka,boy
Braulio,boy
Andon,boy
Aydin,boy
Matias,boy
Jaydin,boy
Deacon,boy
Teagan,boy
Kamden,boy
Malaki,boy
Koda,boy
Rhys,boy
Haiden,boy
Tayshaun,boy
Jayvon,boy
Trenten,boy
Rishi,boy
Kason,boy
Talan,boy
Amare,boy
Makai,boy
Braylen,boy
Kadyn,boy
Leandro,boy
Aedan,boy
Finnegan,boy
Karter,boy
Damari,boy
Messiah,boy
Makhi,boy
Camryn,boy
Gauge,boy
Jax,boy
Adin,boy
Krish,boy
Yandel,boy
Beckett,boy
Kael,boy
Bode,boy
Koen,boy
Zayden,boy
Santana,boy
Landin,boy
Talen,boy
Kasen,boy
Aidyn,boy
Jasiah,boy
Memphis,boy
Kingston,boy
Landan,boy
Case,boy
Coen,boy
Izayah,boy
Anders,boy
Brogan,boy
Madden,boy
Slade,boy
Kellan,boy
Jaydan,boy
Nery,boy
Rayan,boy
Dereon,boy
Yael,boy
Raiden,boy
Nikolai,boy
Yurem,boy
Lyric,boy
Kelan,boy
Tegan,boy
Kamryn,boy
Jayvion,boy
Ronin,boy
Daxton,boy
Aaden,boy
Chace,boy
Marley,boy
Kash,boy
Kymani,boy
Ishaan,boy
Jadiel,boy
Urijah,boy
Eden,boy
Zaiden,boy
Ayaan,boy
Aarav,boy
Tripp,boy
Geovanni,boy
Yadiel,boy
Kyson,boy
Callum,boy
Deegan,boy
Lennon,boy
Abdiel,boy
Carsen,boy
Kolten,boy
Stella,girl
Sallie,girl
Nettie,girl
Etta,girl
Harriet,girl
Sadie,girl
Katie,girl
Lydia,girl
Kate,girl
Mollie,girl
Lulu,girl
Nannie,girl
Lottie,girl
Belle,girl
Charlotte,girl
Amelia,girl
Hannah,girl
Jane,girl
Emily,girl
Matilda,girl
Henrietta,girl
Sara,girl
Estella,girl
Theresa,girl
Josie,girl
Sophia,girl
Anne,girl
Delia,girl
Louisa,girl
Mayme,girl
Estelle,girl
Nina,girl
Bettie,girl
Luella,girl
Inez,girl
Lela,girl
Rosie,girl
Millie,girl
Janie,girl
Cornelia,girl
Victoria,girl
Celia,girl
Christine,girl
Birdie,girl
Harriett,girl
Mable,girl
Myra,girl
Sophie,girl
Tillie,girl
Isabel,girl
Sylvia,girl
Isabelle,girl
Leila,girl
Sally,girl
Ina,girl
Nell,girl
Alberta,girl
Katharine,girl
Rena,girl
Mina,girl
Mathilda,girl
Dollie,girl
Hettie,girl
Fanny,girl
Lenora,girl
Adelaide,girl
Lelia,girl
Nelle,girl
Sue,girl
Johanna,girl
Lilly,girl
Lucinda,girl
Minerva,girl
Lettie,girl
Roxie,girl
Helena,girl
Hilda,girl
Hulda,girl
Genevieve,girl
Cordelia,girl
Jeanette,girl
Adeline,girl
Leah,girl
Lura,girl
Mittie,girl
Isabella,girl
Olga,girl
Phoebe,girl
Teresa,girl
Lida,girl
Lina,girl
Marguerite,girl
Claudia,girl
Cecelia,girl
Bess,girl
Emilie,girl
Rosetta,girl
Myrtie,girl
Cecilia,girl
Olivia,girl
Ophelia,girl
Elnora,girl
Violet,girl
Adele,girl
Lily,girl
Loretta,girl
Madge,girl
Polly,girl
Eugenia,girl
Lucile,girl
Mabelle,girl
Rosalie,girl
Kittie,girl
Meta,girl
Angie,girl
Georgiana,girl
Lila,girl
Regina,girl
Selma,girl
Wilhelmina,girl
Bridget,girl
Lilla,girl
Malinda,girl
Vina,girl
Freda,girl
Gertie,girl
Jeannette,girl
Louella,girl
Mandy,girl
Roberta,girl
Corinne,girl
Lyda,girl
Naomi,girl
Norma,girl
Margie,girl
Nona,girl
Zella,girl
Dovie,girl
Elvira,girl
Erma,girl
Irma,girl
Leota,girl
Blanch,girl
Charity,girl
Lorena,girl
Lucretia,girl
Orpha,girl
Alvina,girl
Annette,girl
Catharine,girl
Elma,girl
Geneva,girl
Leora,girl
Lona,girl
Miriam,girl
Zora,girl
Octavia,girl
Sudie,girl
Zula,girl
Adella,girl
Frieda,girl
Joanna,girl
Leonora,girl
Priscilla,girl
Tennie,girl
Angeline,girl
Docia,girl
Ettie,girl
Flossie,girl
Hanna,girl
Letha,girl
Minta,girl
Retta,girl
Rosella,girl
Adah,girl
Berta,girl
Elisabeth,girl
Elise,girl
Leola,girl
Margret,girl
Adaline,girl
Idella,girl
Juanita,girl
Lenna,girl
Lucie,girl
Missouri,girl
Nola,girl
Zoe,girl
Eda,girl
Isabell,girl
Julie,girl
Letitia,girl
Madeline,girl
Malissa,girl
Mariah,girl
Pattie,girl
Almeda,girl
Aurelia,girl
Dolly,girl
Jannie,girl
Kathrine,girl
Lavinia,girl
Marietta,girl
Melvina,girl
Ona,girl
Pinkie,girl
Susanna,girl
Chloe,girl
Elsa,girl
Matie,girl
Pearle,girl
Vesta,girl
Vinnie,girl
Antoinette,girl
Clementine,girl
Edythe,girl
Harriette,girl
Libbie,girl
Lilian,girl
Lutie,girl
Magdalena,girl
Meda,girl
Rita,girl
Tena,girl
Zelma,girl
Adelia,girl
Annetta,girl
Dona,girl
Elizebeth,girl
Georgianna,girl
Gracie,girl
Iona,girl
Leta,girl
Liza,girl
Mertie,girl
Molly,girl
Neva,girl
Oma,girl
Alida,girl
Cecile,girl
Ernestine,girl
Evie,girl
Helene,girl
Minna,girl
Myrta,girl
Prudence,girl
Queen,girl
Rilla,girl
Savannah,girl
Tessie,girl
Agatha,girl
America,girl
Anita,girl
Arminta,girl
Dorothea,girl
Luvenia,girl
Marjorie,girl
Maybelle,girl
Mellie,girl
Nan,girl
Velma,girl
Constance,girl
Ila,girl
Iola,girl
Louvenia,girl
Lucia,girl
Ludie,girl
Luna,girl
Metta,girl
Phebe,girl
Sophronia,girl
Adda,girl
Avis,girl
Betsy,girl
Cordie,girl
Emmaline,girl
Ethelyn,girl
Hortense,girl
Marcella,girl
Melinda,girl
Mona,girl
Odessa,girl
Veronica,girl
Aimee,girl
Annabel,girl
Ava,girl
Bella,girl
Carolina,girl
Cathrine,girl
Christena,girl
Dena,girl
Eleanore,girl
Elmira,girl
Jenny,girl
Kizzie,girl
Loula,girl
Magdalene,girl
Mettie,girl
Mintie,girl
Peggy,girl
Reba,girl
Serena,girl
Vida,girl
Zada,girl
Abigail,girl
Celestine,girl
Celina,girl
Daisie,girl
Dessa,girl
Easter,girl
Emelia,girl
Emmie,girl
Imogene,girl
India,girl
Jeanne,girl
Lenore,girl
Liddie,girl
Lotta,girl
Mame,girl
Nevada,girl
Rachael,girl
Sina,girl
Willa,girl
Aline,girl
Daisey,girl
Dorcas,girl
Edmonia,girl
Effa,girl
Eldora,girl
Eloise,girl
Emmer,girl
Era,girl
Gena,girl
Iris,girl
Izora,girl
Lissie,girl
Mallie,girl
Malvina,girl
Mathilde,girl
Mazie,girl
Queenie,girl
Rosina,girl
Salome,girl
Theodora,girl
Therese,girl
Vena,girl
Wanda,girl
Wilda,girl
Altha,girl
Anastasia,girl
Besse,girl
Birtie,girl
Clarissa,girl
Delilah,girl
Diana,girl
Emelie,girl
Erna,girl
Florida,girl
Frona,girl
Hilma,girl
Juliet,girl
Leonie,girl
Lugenia,girl
Mammie,girl
Manda,girl
Manerva,girl
Manie,girl
Nella,girl
Paulina,girl
Philomena,girl
Selina,girl
Sena,girl
Theodosia,girl
Una,girl
Adela,girl
Althea,girl
Amalia,girl
Amber,girl
Angelina,girl
Annabelle,girl
Anner,girl
Arie,girl
Clarice,girl
Corda,girl
Corrie,girl
Dellar,girl
Donie,girl
Elda,girl
Elinor,girl
Emeline,girl
Emilia,girl
Etha,girl
Indiana,girl
Ione,girl
Josiephine,girl
Kitty,girl
Lavina,girl
Leda,girl
Letta,girl
Mahala,girl
Marcia,girl
Margarette,girl
Maudie,girl
Maye,girl
Norah,girl
Patty,girl
Paula,girl
Permelia,girl
Rosalia,girl
Roxanna,girl
Sula,girl
Vada,girl
Winnifred,girl
Adline,girl
Almira,girl
Alvena,girl
Arizona,girl
Becky,girl
Bernadette,girl
Cordia,girl
Corine,girl
Dicie,girl
Dove,girl
Drusilla,girl
Elena,girl
Elenora,girl
Elmina,girl
Ethyl,girl
Evalyn,girl
Evelina,girl
Faye,girl
Huldah,girl
Idell,girl
Inga,girl
Irena,girl
Kattie,girl
Lavenia,girl
Lovina,girl
Lulie,girl
Magnolia,girl
Margeret,girl
Margery,girl
Media,girl
Millicent,girl
Nena,girl
Orilla,girl
Pansy,girl
Rosia,girl
Rowena,girl
Tabitha,girl
Verdie,girl
Zetta,girl
Zoa,girl
Zona,girl
Albertina,girl
Albina,girl
Alyce,girl
Amie,girl
Annis,girl
Carra,girl
Clarinda,girl
Delphia,girl
Dillie,girl
Doshie,girl
Drucilla,girl
Etna,girl
Eugenie,girl
Eulalia,girl
Eve,girl
Felicia,girl
Florance,girl
Fronie,girl
Geraldine,girl
Gina,girl
Glenna,girl
Grayce,girl
Hedwig,girl
Jossie,girl
Katheryn,girl
Katy,girl
Leanna,girl
Leitha,girl
Leone,girl
Lidie,girl
Loma,girl
Lular,girl
Magdalen,girl
Maymie,girl
Minervia,girl
Muriel,girl
Neppie,girl
Onie,girl
Osa,girl
Otelia,girl
Paralee,girl
Patience,girl
Rella,girl
Rillie,girl
Rosanna,girl
Tilda,girl
Tishie,girl
Tressa,girl
Viva,girl
Yetta,girl
Zena,girl
Zola,girl
Abby,girl
Aileen,girl
Alda,girl
Alla,girl
Alverta,girl
Ara,girl
Ardelia,girl
Ardella,girl
Arrie,girl
Arvilla,girl
Aurora,girl
Bama,girl
Bena,girl
Calla,girl
Camilla,girl
Carlotta,girl
Celestia,girl
Cherry,girl
Cinda,girl
Classie,girl
Claudine,girl
Clemie,girl
Clyda,girl
Creola,girl
Debbie,girl
Dinah,girl
Doshia,girl
Ednah,girl
Edyth,girl
Eleanora,girl
Electa,girl
Eola,girl
Eudora,girl
Euphemia,girl
Evalena,girl
Evaline,girl
Faith,girl
Fidelia,girl
Golda,girl
Helma,girl
Hermine,girl
Hessie,girl
Ivah,girl
Janette,girl
Jennette,girl
Joella,girl
Kathryne,girl
Lanie,girl
Lauretta,girl
Leana,girl
Leatha,girl
Liller,girl
Lillis,girl
Louetta,girl
Madie,girl
Mai,girl
Martina,girl
Maryann,girl
Melva,girl
Mena,girl
Mercedes,girl
Mima,girl
Minda,girl
Monica,girl
Nealie,girl
Netta,girl
Nolia,girl
Nonie,girl
Odelia,girl
Ottilie,girl
Phyllis,girl
Sabina,girl
Sada,girl
Suzanne,girl
Sybilla,girl
Thea,girl
Tressie,girl
Vallie,girl
Venie,girl
Viney,girl
Wilhelmine,girl
Winona,girl
Zelda,girl
Zilpha,girl
Adelle,girl
Adina,girl
Adrienne,girl
Albertine,girl
Alys,girl
Ana,girl
Araminta,girl
Birtha,girl
Bulah,girl
Caddie,girl
Celie,girl
Charlotta,girl
Concepcion,girl
Cordella,girl
Corrine,girl
Delila,girl
Delphine,girl
Dosha,girl
Elaine,girl
Elisa,girl
Ellar,girl
Elmire,girl
Elvina,girl
Ena,girl
Estie,girl
Etter,girl
Fronnie,girl
Georgina,girl
Gracia,girl
Gwendolyn,girl
Hassie,girl
Honora,girl
Icy,girl
Isa,girl
Isadora,girl
Johannah,girl
Juana,girl
Junie,girl
Lavonia,girl
Lella,girl
Lemma,girl
Letty,girl
Linna,girl
Littie,girl
Lollie,girl
Lorene,girl
Lovisa,girl
Lucina,girl
Madora,girl
Mahalia,girl
Manervia,girl
Manuela,girl
Margarett,girl
Margaretta,girl
Margarita,girl
Marilla,girl
Mignon,girl
Mozella,girl
Natalie,girl
Nelia,girl
Nolie,girl
Omie,girl
Ottilia,girl
Parthenia,girl
Penelope,girl
Pinkey,girl
Pollie,girl
Rennie,girl
Reta,girl
Roena,girl
Rosalee,girl
Roseanna,girl
Ruthie,girl
Sabra,girl
Sannie,girl
Selena,girl
Sibyl,girl
Tella,girl
Tempie,girl
Tennessee,girl
Teressa,girl
Texas,girl
Theda,girl
Thursa,girl
Ula,girl
Vannie,girl
Verona,girl
Vertie,girl
Wilma,girl
Adell,girl
Aggie,girl
Alcie,girl
Alfreda,girl
Alicia,girl
Allene,girl
Almyra,girl
Anastacia,girl
Aria,girl
Arminda,girl
Aura,girl
Avie,girl
Berdie,girl
Buena,girl
Calista,girl
Cammie,girl
Cara,girl
Celesta,girl
Celeste,girl
Chaney,girl
Chanie,girl
Charlottie,girl
Chrissie,girl
Christene,girl
Christiana,girl
Cleora,girl
Clora,girl
Coralie,girl
Dayse,girl
Delfina,girl
Deliah,girl
Delina,girl
Delle,girl
Dicy,girl
Donia,girl
Dulcie,girl
Edwina,girl
Ela,girl
Eleonora,girl
Elta,girl
Elzada,girl
Emaline,girl
Eulah,girl
Eulalie,girl
Euna,girl
Zadie,girl
Eveline,girl
Lelah,girl
Nanie,girl
Petra,girl
Glennie,girl
Juliette,girl
Mercy,girl
Miranda,girl
Nana,girl
Zilpah,girl
Almedia,girl
Byrdie,girl
Claribel,girl
Coral,girl
Exie,girl
Malissie,girl
Myrtice,girl
Narcissus,girl
Rosamond,girl
Theresia,girl
Valeria,girl
Vessie,girl
Victorine,girl
Arabella,girl
Dottie,girl
Flo,girl
Fredericka,girl
Gusta,girl
Icie,girl
Lillia,girl
Lota,girl
Nathalie,girl
Nita,girl
Ota,girl
Ramona,girl
Texie,girl
Zillah,girl
Aida,girl
Arra,girl
Belva,girl
Biddie,girl
Bula,girl
Carry,girl
Crete,girl
Dossie,girl
Evangeline,girl
Flavia,girl
Fleta,girl
Fronia,girl
Gillie,girl
Jinnie,girl
Katharina,girl
Mirtie,girl
Mora,girl
Ninnie,girl
Rettie,girl
Rozella,girl
Sofia,girl
Sybil,girl
Sylvania,girl
Tilla,girl
Ursula,girl
Veda,girl
Zaida,girl
Zenobia,girl
Aletha,girl
Ason,girl
Bina,girl
Chloie,girl
Christie,girl
Corean,girl
Corinna,girl
Elodie,girl
Epsie,girl
Exa,girl
Georgine,girl
Gretta,girl
Henriette,girl
Jemima,girl
Jo,girl
Josefa,girl
Juliana,girl
Katharyn,girl
Lavada,girl
Leonore,girl
Levina,girl
Libby,girl
Lilie,girl
Louanna,girl
Mabell,girl
Madeleine,girl
Marinda,girl
Mila,girl
Neta,girl
Orlena,girl
Ozella,girl
Ressie,girl
Rosena,girl
Rosey,girl
Senora,girl
Siddie,girl
Susana,girl
Susanne,girl
Texanna,girl
Tiney,girl
Tinie,girl
Tiny,girl
Achsah,girl
Agness,girl
Ala,girl
Alabama,girl
Alexina,girl
Altie,girl
Ama,girl
Amalie,girl
Amelie,girl
Amey,girl
Amma,girl
Ammie,girl
Anie,girl
Annabell,girl
Arta,girl
Attie,girl
Audra,girl
Azzie,girl
Cathryn,girl
Cena,girl
Chestina,girl
Crissie,girl
Cyntha,girl
Daisye,girl
Dellia,girl
Delta,girl
Dema,girl
Dezzie,girl
Dola,girl
Dollye,girl
Eithel,girl
Elba,girl
Elfrieda,girl
Elna,girl
Emogene,girl
Enola,girl
Verda,girl
Gretchen,girl
Hermina,girl
Nelly,girl
Eller,girl
Hetty,girl
Luetta,girl
Pennie,girl
Rosemary,girl
Beckie,girl
Buna,girl
Caldonia,girl
Candace,girl
Edla,girl
Florrie,girl
Luisa,girl
Myrtis,girl
Trudie,girl
Agusta,girl
Alphonsine,girl
Dellie,girl
Delpha,girl
Kathyrn,girl
Loretto,girl
Lucindy,girl
Maybell,girl
Odile,girl
Orah,girl
Prudie,girl
Rhea,girl
Rinda,girl
Rosy,girl
Roxy,girl
Sarrah,girl
Susannah,girl
Tula,girl
Alwina,girl
Arah,girl
Bernadine,girl
Capitola,girl
Cathern,girl
Columbia,girl
Eileen,girl
Elizbeth,girl
Eura,girl
Hennie,girl
Henretta,girl
Ivie,girl
Jeanie,girl
Justina,girl
Leaner,girl
Leonia,girl
Lorraine,girl
Lucetta,girl
Macie,girl
Mahalie,girl
Marry,girl
Novella,girl
Olevia,girl
Phillis,girl
Philomene,girl
Salina,girl
Sinda,girl
Tinnie,girl
Vashti,girl
Vella,girl
Veva,girl
Vicy,girl
Zita,girl
Affie,girl
Albertha,girl
Anabel,girl
Artelia,girl
Barbra,girl
Beaulah,girl
Bertina,girl
Birdella,girl
Blossom,girl
Carmela,girl
Carolyne,girl
Cilla,girl
Denise,girl
Dorthea,girl
Eleonore,girl
Fairy,girl
Fannye,girl
Franc,girl
Francina,girl
Francisca,girl
Genevra,girl
Helga,girl
Iza,girl
Jeanetta,girl
Jeannie,girl
Jerusha,girl
Lisette,girl
Loda,girl
Luda,girl
Lynda,girl
Marget,girl
Mariam,girl
Modena,girl
Nanna,girl
Nelie,girl
Olena,girl
Lelar,girl
Matilde,girl
Simona,girl
Thora,girl
Angelita,girl
Berenice,girl
Dagmar,girl
Dina,girl
Ema,girl
Florine,girl
Loraine,girl
Maida,girl
Missie,girl
Arline,girl
Beatrix,girl
Dorathea,girl
Elenor,girl
Gertha,girl
Lesta,girl
Rebekah,girl
Almina,girl
Arlena,girl
Dot,girl
Elfie,girl
Ermine,girl
Francisqui,girl
Georgeanna,girl
Glendora,girl
Leontine,girl
Leva,girl
Litha,girl
Luberta,girl
Marianna,girl
Parlee,girl
Pearla,girl
Sister,girl
Thresa,girl
Alene,girl
Alverda,girl
Antonette,girl
Argie,girl
Arkie,girl
Arletta,girl
Bea,girl
Bettye,girl
Cappie,girl
Caro,girl
Cloe,girl
Corene,girl
Deetta,girl
Elberta,girl
Ether,girl
Felicie,girl
Frederica,girl
Hellen,girl
Icey,girl
Ines,girl
Junia,girl
Laney,girl
Lassie,girl
Lockie,girl
Lossie,girl
Lovey,girl
Marianita,girl
Mattye,girl
Rubie,girl
Milly,girl
Pluma,girl
Ruie,girl
Vira,girl
Cleva,girl
Gennie,girl
Sadye,girl
Vennie,girl
Zettie,girl
Clevie,girl
Ferne,girl
Maebelle,girl
Maxine,girl
Pearly,girl
Savanah,girl
Savilla,girl
Valerie,girl
Violetta,girl
Adelina,girl
Alzina,girl
Annice,girl
Beda,girl
Clarabelle,girl
Fleda,girl
Goldia,girl
Laila,girl
Leala,girl
Lilah,girl
Lyla,girl
Naoma,girl
Nealy,girl
Olivine,girl
Rutha,girl
Sussie,girl
Theodocia,girl
Vassie,girl
Zina,girl
Aurore,girl
Beth,girl
Channie,girl
Freida,girl
Georganna,girl
Izetta,girl
Kathern,girl
Lady,girl
Lala,girl
Lilia,girl
Lurana,girl
Mozelle,girl
Norine,girl
Oney,girl
Clotilde,girl
Nova,girl
Myrna,girl
Medora,girl
Hildur,girl
Imo,girl
Ragna,girl
Vinie,girl
Emmy,girl
Hildegarde,girl
Octa,girl
Aurilla,girl
Beula,girl
Lera,girl
Macy,girl
Margrett,girl
Melina,girl
Pheobe,girl
Alvira,girl
Clella,girl
Cornie,girl
Dorotha,girl
Dorthy,girl
Dosia,girl
Enid,girl
Essa,girl
Evelena,girl
Genoveva,girl
Greta,girl
Ica,girl
Ilma,girl
Lalla,girl
Lana,girl
Leonor,girl
Lolla,girl
Lorna,girl
Vergie,girl
Mossie,girl
Manuelita,girl
Oline,girl
Ima,girl
Janey,girl
Villa,girl
Clytie,girl
Ermina,girl
Hertha,girl
Margaretha,girl
Melanie,girl
Metha,girl
Pricilla,girl
Sigrid,girl
Thekla,girl
Berniece,girl
Betha,girl
Florie,girl
Hilah,girl
Isla,girl
Judie,girl
Lethia,girl
Louisiana,girl
Rubye,girl
Silvia,girl
Zelpha,girl
Alwilda,girl
Angele,girl
Verlie,girl
Zelia,girl
Gunda,girl
Octavie,girl
Orelia,girl
Retha,girl
Signe,girl
Anice,girl
Carlota,girl
Lurline,girl
Luz,girl
Opha,girl
Ura,girl
Vicie,girl
Alwine,girl
Carmelita,girl
Clemma,girl
Elia,girl
Eloisa,girl
Eppie,girl
Gustie,girl
Hazle,girl
Lu,girl
Ebba,girl
Margarete,girl
Myrle,girl
Nadine,girl
Pallie,girl
Betsey,girl
Cleta,girl
Filomena,girl
Orra,girl
Arlene,girl
Margretta,girl
Pairlee,girl
Zana,girl
Francies,girl
Marjory,girl
Roxana,girl
Cressie,girl
Erla,girl
Herma,girl
Oliva,girl
Rosalind,girl
Chessie,girl
Daphne,girl
Lulah,girl
Marvel,girl
Monnie,girl
Noemie,girl
Gregoria,girl
Josefina,girl
Fleeta,girl
Madaline,girl
Hildred,girl
Sibbie,girl
Verena,girl
Bernardine,girl
Gerda,girl
Hazelle,girl
Nobie,girl
Reva,girl
Vonnie,girl
Ethie,girl
Jessye,girl
Jetta,girl
Signa,girl
Delcie,girl
Hildegard,girl
Treva,girl
Violette,girl
Sylva,girl
Twila,girl
Concetta,girl
Idabelle,girl
Lulla,girl
Mira,girl
Nila,girl
Olar,girl
Velva,girl
Yvonne,girl
Evia,girl
Willia,girl
Dortha,girl
Else,girl
Freeda,girl
Versa,girl
Ilah,girl
Maurine,girl
Vernice,girl
Elmyra,girl
Madelyn,girl
Cannie,girl
Carmella,girl
Cliffie,girl
Ever,girl
Leafy,girl
Olinda,girl
Virdie,girl
Allena,girl
Clotilda,girl
Elida,girl
Elvera,girl
Fae,girl
Josefita,girl
Lurena,girl
Versie,girl
Vivien,girl
Melba,girl
Alline,girl
Elfreda,girl
Verla,girl
Ouida,girl
Flonnie,girl
Palma,girl
Consuelo,girl
Lorine,girl
Venus,girl
Hasel,girl
Noma,girl
Virgia,girl
Alleen,girl
Mavis,girl
Nelda,girl
Trilby,girl
Adel,girl
Buelah,girl
Milda,girl
Velda,girl
Bernetta,girl
Neoma,girl
Gaynell,girl
Laurette,girl
Coletta,girl
Zela,girl
Zeta,girl
Manila,girl
Manilla,girl
Cuba,girl
Earline,girl
Vlasta,girl
Jacqueline,girl
Onnie,girl
Vara,girl
Alena,girl
Ilo,girl
Imelda,girl
Ardis,girl
Delores,girl
Irva,girl
Gwen,girl
Tomasa,girl
Veta,girl
Berneice,girl
Lempi,girl
Eathel,girl
Marybelle,girl
Chrystal,girl
Elvia,girl
Ilene,girl
Margarite,girl
Marianne,girl
Odette,girl
Antonina,girl
Delsie,girl
Portia,girl
Reatha,girl
Aleen,girl
Almeta,girl
Lilyan,girl
Jaunita,girl
Luvinia,girl
Alvera,girl
Allean,girl
Dagny,girl
Leoma,girl
Oleta,girl
Trula,girl
Ethyle,girl
Ingeborg,girl
Jeane,girl
Laurine,girl
Lorean,girl
Marge,girl
Margueritta,girl
Mozell,girl
Norene,girl
Oneta,girl
Lolita,girl
Elouise,girl
Cathleen,girl
Bette,girl
Earnestine,girl
Florene,girl
Laverna,girl
Rafaela,girl
Thyra,girl
Loyce,girl
Cleda,girl
Pearline,girl
Ceola,girl
Lavera,girl
Marcelle,girl
Romaine,girl
Rosalyn,girl
Augustina,girl
Bonita,girl
Dominga,girl
Girtha,girl
Isobel,girl
Anona,girl
Syble,girl
Edris,girl
Santa,girl
Theola,girl
Veola,girl
Ceil,girl
Madlyn,girl
Vernia,girl
Ellamae,girl
Irine,girl
Linnea,girl
Madalyn,girl
Roslyn,girl
Edrie,girl
Vincenza,girl
Yolanda,girl
Edra,girl
Orma,girl
Ilda,girl
Ardath,girl
Renee,girl
Astrid,girl
Beadie,girl
Doretha,girl
Neola,girl
Vela,girl
Wava,girl
Evelyne,girl
Dimple,girl
Annamae,girl
Elease,girl
Williemae,girl
Rosaline,girl
Charline,girl
Charlene,girl
Joanne,girl
Theta,girl
Deloris,girl
Maureen,girl
Rosabelle,girl
Gilda,girl
Herminia,girl
Afton,girl
Margurite,girl
Clydie,girl
Izola,girl
Rosemarie,girl
Arnetta,girl
Gladyce,girl
Floretta,girl
Merna,girl
Nedra,girl
Clementina,girl
Launa,girl
Sonia,girl
Aili,girl
Gladis,girl
Alease,girl
Madonna,girl
Azalee,girl
Colleen,girl
Darlene,girl
Macel,girl
Cleola,girl
Loree,girl
Stephania,girl
Joann,girl
Antonetta,girl
Arietta,girl
Vivienne,girl
Elinore,girl
Benita,girl
Glenda,girl
Earlene,girl
Arleen,girl
Blanchie,girl
Vilma,girl
Erline,girl
Felice,girl
Georgette,girl
Yvette,girl
Assunta,girl
Helyn,girl
Lavonne,girl
Audry,girl
Dorathy,girl
Stasia,girl
Vita,girl
Jayne,girl
Maebell,girl
Mafalda,girl
Olympia,girl
Masako,girl
Stacia,girl
Domenica,girl
Ingrid,girl
Wynona,girl
Bernita,girl
Carole,girl
Elenore,girl
Waneta,girl
Esperanza,girl
Madelene,girl
Roselyn,girl
Kathlyn,girl
Ardith,girl
Venita,girl
Santina,girl
Maryjane,girl
Orene,girl
Noreen,girl
Antionette,girl
Margot,girl
Dawn,girl
Lahoma,girl
Alexandra,girl
Maryellen,girl
Ruthe,girl
Cleone,girl
Kathaleen,girl
Aldona,girl
Janis,girl
Christeen,girl
Dorine,girl
Caryl,girl
Francine,girl
Rosaria,girl
Erlene,girl
Georgetta,girl
Olene,girl
Sheila,girl
Georgene,girl
Yoshiko,girl
Delora,girl
Lavelle,girl
Idamae,girl
Michelina,girl
Catalina,girl
Liberty,girl
Victory,girl
Beverley,girl
Laurene,girl
Marilynn,girl
Jeraldine,girl
Marylou,girl
Jacquelyn,girl
Oneida,girl
Concha,girl
Marina,girl
Doreen,girl
Haruko,girl
Felipa,girl
Socorro,girl
Elois,girl
Toshiko,girl
Carlene,girl
Fumiko,girl
Soledad,girl
Gearldine,girl
Shirlee,girl
Merry,girl
Clarine,girl
Lorayne,girl
Marlene,girl
Kiyoko,girl
Elwanda,girl
Elayne,girl
Darline,girl
Arlyne,girl
Marlys,girl
Mardell,girl
Willene,girl
Inell,girl
Venice,girl
Ofelia,girl
Peggie,girl
Beatriz,girl
Rochelle,girl
Leatrice,girl
Billye,girl
Darleen,girl
Hortencia,girl
Ethelene,girl
Marylouise,girl
Eris,girl
Bettyjane,girl
Penny,girl
Dorene,girl
Toni,girl
Lynette,girl
Vonda,girl
Amparo,girl
Bebe,girl
Phylis,girl
Bettylou,girl
Wanita,girl
Marceline,girl
Vernelle,girl
Ernestina,girl
Doloris,girl
Delois,girl
Nanette,girl
Ardelle,girl
Natalia,girl
Estela,girl
Sherry,girl
Twyla,girl
Jacquelin,girl
Enriqueta,girl
Bobbye,girl
Patti,girl
Lorrayne,girl
Janell,girl
Ladonna,girl
Nada,girl
Carla,girl
Evangelina,girl
Willodean,girl
Charleen,girl
Coleen,girl
Illa,girl
Shirlie,girl
Ailene,girl
Erlinda,girl
Lita,girl
Marilou,girl
Lawanda,girl
Charmaine,girl
Cherie,girl
Sonya,girl
Raquel,girl
Hortensia,girl
Valencia,girl
Jocelyn,girl
Kazuko,girl
Joye,girl
Lidia,girl
Roseann,girl
Earlean,girl
Jeannine,girl
Romona,girl
Jeanine,girl
Joline,girl
Felicitas,girl
Carma,girl
Marva,girl
Colette,girl
Sondra,girl
Marilee,girl
Jolene,girl
Jovita,girl
Dorla,girl
Dianne,girl
Margy,girl
Velia,girl
Margene,girl
Beverlee,girl
Maryanne,girl
Joycelyn,girl
Merlene,girl
Oralia,girl
Sydell,girl
Jill,girl
Ardeth,girl
Armida,girl
Marylin,girl
Sonja,girl
Laquita,girl
Julianne,girl
Nannette,girl
Margo,girl
Claudette,girl
Arla,girl
Charlsie,girl
Marylyn,girl
Mitzi,girl
Patrica,girl
Eartha,girl
Herlinda,girl
Trudy,girl
Verdell,girl
Joretta,girl
Marsha,girl
Verlene,girl
Lynne,girl
Mariann,girl
Joetta,girl
Rosanne,girl
Belia,girl
Janelle,girl
Merilyn,girl
Ardyce,girl
Rosita,girl
Celine,girl
Carleen,girl
Carolee,girl
Dian,girl
Dorthey,girl
Kathy,girl
Marita,girl
Thomasina,girl
Marta,girl
Thalia,girl
Nira,girl
Sharlene,girl
Rheta,girl
Jerrie,girl
Ginger,girl
Jacklyn,girl
Elissa,girl
Paulette,girl
Monna,girl
Joellen,girl
Lavona,girl
Bonny,girl
Luanne,girl
Saundra,girl
Luann,girl
Pearlene,girl
Nancie,girl
Shirlene,girl
Marcelina,girl
Vicki,girl
Karol,girl
Louann,girl
Alison,girl
Marylee,girl
Sharron,girl
Cathy,girl
Darla,girl
Norita,girl
Gaye,girl
Jeri,girl
Loris,girl
Shirleyann,girl
Carolynn,girl
Marla,girl
Evonne,girl
Darlyne,girl
Vernetta,girl
Rhonda,girl
Shelba,girl
Shelva,girl
Deanna,girl
Karla,girl
Tanya,girl
Annmarie,girl
Wendy,girl
Ruthann,girl
Sherrie,girl
Carolann,girl
Evon,girl
Sheryl,girl
Jacquline,girl
Karlene,girl
Glennis,girl
Karin,girl
Marleen,girl
Roxanne,girl
Harlene,girl
Annamarie,girl
Jacque,girl
Maralyn,girl
Shari,girl
Larae,girl
Gayla,girl
Deanne,girl
Dianna,girl
Simone,girl
Leilani,girl
Vickie,girl
Diann,girl
Karolyn,girl
Deann,girl
Noretta,girl
Shelvia,girl
Shelvie,girl
Shelia,girl
Janyce,girl
Jonell,girl
Marolyn,girl
Mimi,girl
Noreta,girl
Roseanne,girl
Lorelei,girl
Vicky,girl
Helaine,girl
Maryjo,girl
Deana,girl
Janine,girl
Ronda,girl
Leanne,girl
Cindy,girl
Judi,girl
Karel,girl
Karon,girl
Glynda,girl
Tamara,girl
Suzann,girl
Fran,girl
Nanci,girl
April,girl
Hedy,girl
Mari,girl
Jannette,girl
Jerri,girl
Heidi,girl
Dotty,girl
Suellen,girl
Lonna,girl
Kathie,girl
Ilona,girl
Laraine,girl
Susann,girl
Rona,girl
Sharen,girl
Lynnette,girl
Scarlett,girl
Belinda,girl
Pam,girl
Ruthanne,girl
Juliann,girl
Sherron,girl
Donita,girl
Georgiann,girl
Jerilyn,girl
Sharyn,girl
Sherri,girl
Suzan,girl
Nyla,girl
Trina,girl
Judyth,girl
Nikki,girl
Sheri,girl
Jana,girl
Adrianne,girl
Georgeann,girl
Terri,girl
Caren,girl
Kristine,girl
Geri,girl
Jerilynn,girl
Karan,girl
Rosann,girl
Cheri,girl
Leann,girl
Phyliss,girl
Merrily,girl
Melody,girl
Kaaren,girl
Cassandra,girl
Aloma,girl
Cathie,girl
Sandi,girl
Ronna,girl
Karren,girl
Jerrilyn,girl
Sheron,girl
Pauletta,girl
Merrilee,girl
Terrie,girl
Tonya,girl
Sunny,girl
Karyn,girl
Ginny,girl
Charla,girl
Tana,girl
Charolette,girl
Marcy,girl
Cheryle,girl
Kathi,girl
Karyl,girl
Candy,girl
Sherryl,girl
Luana,girl
Rozanne,girl
Carlyn,girl
Jacquelynn,girl
Caron,girl
Suzette,girl
Dorinda,girl
Teri,girl
Alana,girl
Danna,girl
Maribeth,girl
Pamala,girl
Rosalinda,girl
Elyse,girl
Pamella,girl
Bobbi,girl
Corliss,girl
Cheryll,girl
Graciela,girl
Sherilyn,girl
Deirdre,girl
Gerri,girl
Glinda,girl
Mickie,girl
Marybeth,girl
Cherrie,girl
Laureen,girl
Patrice,girl
Aleta,girl
Candice,girl
Kristina,girl
Vickey,girl
Nicki,girl
Deena,girl
Janeen,girl
Meryl,girl
Bettina,girl
Robyn,girl
Sharyl,girl
Erica,girl
Lani,girl
Leslee,girl
Deidre,girl
Katrina,girl
Kristi,girl
Cherryl,girl
Dayle,girl
Randi,girl
Lori,girl
Jacalyn,girl
Starr,girl
Kendra,girl
Suzanna,girl
Debby,girl
Valarie,girl
Melodie,girl
Annemarie,girl
Michaele,girl
Janna,girl
Trudi,girl
Sandie,girl
Daria,girl
Vikki,girl
Rachelle,girl
Tonia,girl
Marcie,girl
Candis,girl
Shiela,girl
Regenia,girl
Debora,girl
Maura,girl
Caryn,girl
Kristie,girl
Lizabeth,girl
Regena,girl
Denice,girl
Drema,girl
Shirleen,girl
Cathey,girl
Cristina,girl
Lyndia,girl
Blanca,girl
Fonda,girl
Renae,girl
Kathlene,girl
Loreen,girl
Shauna,girl
Sharman,girl
Valorie,girl
Sanjuanita,girl
Bethany,girl
Christa,girl
Sanjuana,girl
Candyce,girl
Lorrie,girl
Tara,girl
Pamelia,girl
Kristy,girl
Collette,girl
Roxann,girl
Debrah,girl
Mindy,girl
Krista,girl
Leticia,girl
Terese,girl
Mara,girl
Nicolette,girl
Vanessa,girl
Merrie,girl
Debbra,girl
Jenifer,girl
Lourdes,girl
Geralyn,girl
Jaclyn,girl
Sharleen,girl
Lorie,girl
Allyson,girl
Angelia,girl
Jann,girl
Joleen,girl
Christi,girl
Esmeralda,girl
Teena,girl
Gwenda,girl
Rhona,girl
Brinda,girl
Pandora,girl
Jodi,girl
Kimberley,girl
Megan,girl
Lauri,girl
Paige,girl
Deborrah,girl
Joette,girl
Lise,girl
Jacqulyn,girl
Milagros,girl
Marlena,girl
Roxane,girl
Ellyn,girl
Debera,girl
Joni,girl
Cindi,girl
Tricia,girl
Brooke,girl
Doretta,girl
Lorri,girl
Danette,girl
Marci,girl
Alisa,girl
Kari,girl
Lesa,girl
Francesca,girl
Lanette,girl
Sharla,girl
Kimberlee,girl
Zandra,girl
Sheree,girl
Sabrina,girl
Valinda,girl
Sherie,girl
Joanie,girl
Starla,girl
Merri,girl
Kerri,girl
Leeann,girl
Vernita,girl
Cherri,girl
Bambi,girl
Renita,girl
Janel,girl
Desiree,girl
Denese,girl
Roni,girl
Sheilah,girl
Athena,girl
Jeryl,girl
Danita,girl
Gisele,girl
Sherree,girl
Debi,girl
Kandy,girl
Felecia,girl
Migdalia,girl
Dayna,girl
Debbi,girl
Debroah,girl
Jaye,girl
Monique,girl
Tami,girl
Taryn,girl
Lorinda,girl
Moira,girl
Melodee,girl
Sheryll,girl
Trena,girl
Noemi,girl
Leesa,girl
Marisa,girl
Dawna,girl
Tracie,girl
Dani,girl
Sheena,girl
Dara,girl
Kelli,girl
Shawna,girl
Barb,girl
Kathey,girl
Kellie,girl
Wendi,girl
Gaylene,girl
Liz,girl
Jeanna,girl
Kara,girl
Leisa,girl
Chandra,girl
Dori,girl
Jami,girl
Meg,girl
Maritza,girl
Stacie,girl
Glynis,girl
Juli,girl
Babette,girl
Tammie,girl
Tamera,girl
Tamra,girl
Traci,girl
Tammi,girl
Deb,girl
Tamela,girl
Cyndi,girl
Gabrielle,girl
Cathi,girl
Erika,girl
Candi,girl
Jacki,girl
Nilda,girl
Keri,girl
Sarita,girl
Tia,girl
Bridgette,girl
Tamie,girl
Brigitte,girl
Suzy,girl
Kirsten,girl
Tambra,girl
Missy,girl
Gigi,girl
Perri,girl
Karrie,girl
Lissa,girl
Lanita,girl
Suzie,girl
Bev,girl
Alyson,girl
Tresa,girl
Kandi,girl
Bridgett,girl
Cari,girl
Tori,girl
Alesia,girl
Ivette,girl
Kerrie,girl
Renea,girl
Angelica,girl
Liane,girl
Shelli,girl
Lesia,girl
Penni,girl
Tonja,girl
Keely,girl
Melisa,girl
Tari,girl
Deedee,girl
Kayla,girl
Lisha,girl
Misty,girl
Deidra,girl
Leisha,girl
Elana,girl
Adriana,girl
Loriann,girl
Tania,girl
Dedra,girl
Evette,girl
Latanya,girl
Fawn,girl
Risa,girl
Krystal,girl
Deeann,girl
Johnna,girl
Velvet,girl
Corina,girl
Jeana,girl
Angelique,girl
Marnita,girl
Jonna,girl
Machelle,girl
Maribel,girl
Barbie,girl
Loria,girl
Gwyn,girl
Shanna,girl
Monika,girl
Trisha,girl
Alecia,girl
Janene,girl
Latonya,girl
Staci,girl
Stefanie,girl
Melonie,girl
Marisol,girl
Aretha,girl
Marti,girl
Darci,girl
Adriene,girl
Dawne,girl
Charisse,girl
Shirl,girl
Lesli,girl
Jena,girl
Brigette,girl
Tamala,girl
Shana,girl
Delisa,girl
Maricela,girl
Alyssa,girl
Michell,girl
Tonda,girl
Richelle,girl
Jeanmarie,girl
Marissa,girl
Melony,girl
Deneen,girl
Mia,girl
Kecia,girl
Djuna,girl
Djuana,girl
Noelle,girl
Renata,girl
Tessa,girl
Anjanette,girl
Denine,girl
Daneen,girl
Holli,girl
Kimberli,girl
Linette,girl
Christal,girl
Alisha,girl
Elaina,girl
Karri,girl
Delinda,girl
Tyra,girl
Tawana,girl
Marnie,girl
Dionne,girl
Kimberlie,girl
Gabriela,girl
Casandra,girl
Marni,girl
Tangela,girl
Kimberely,girl
Shanda,girl
Demetria,girl
Lavonda,girl
Natasha,girl
Mechelle,girl
Shonda,girl
Yolonda,girl
Brigid,girl
Julianna,girl
Carin,girl
Keli,girl
Gia,girl
Latricia,girl
Lizette,girl
Cristine,girl
Bethann,girl
Tabatha,girl
Joelle,girl
Lara,girl
Sonji,girl
Tamatha,girl
Tasha,girl
Tatia,girl
Gidget,girl
Latonia,girl
Brandi,girl
Nichole,girl
Alissa,girl
Demetra,girl
Joell,girl
Inger,girl
Caprice,girl
Denita,girl
Mellissa,girl
Lia,girl
Catrina,girl
Milissa,girl
Sunday,girl
Meghan,girl
Andria,girl
Nichelle,girl
Cami,girl
Anissa,girl
Josette,girl
Lissette,girl
Adriane,girl
Windy,girl
Kami,girl
Buffy,girl
Karie,girl
Keisha,girl
Wende,girl
Tawnya,girl
Danelle,girl
Misti,girl
Tisha,girl
Larissa,girl
Darcie,girl
Mayra,girl
Sebrina,girl
Ericka,girl
Towanda,girl
Michaela,girl
Cristy,girl
Cherise,girl
Tanja,girl
Carie,girl
Carri,girl
Tiffani,girl
Coretta,girl
Tamiko,girl
Tamika,girl
Chantel,girl
Shannan,girl
Kristal,girl
Davina,girl
Kirstin,girl
Latrice,girl
Jolie,girl
Cristi,girl
Cori,girl
Araceli,girl
Stephenie,girl
Melissia,girl
Chantal,girl
Corrina,girl
Gillian,girl
Rolanda,girl
Nicola,girl
Kellee,girl
Shani,girl
Chanda,girl
Cinnamon,girl
Chelsea,girl
Ami,girl
Racquel,girl
Nicolle,girl
Autumn,girl
Kisha,girl
Latasha,girl
Shonna,girl
Christin,girl
Latisha,girl
Dione,girl
Jada,girl
Kyra,girl
Mindi,girl
Shona,girl
Mellisa,girl
Christen,girl
Alexandria,girl
Sharonda,girl
Julissa,girl
Karina,girl
Kira,girl
Tawanda,girl
Marisela,girl
Terra,girl
Lashonda,girl
Tera,girl
Toya,girl
Carissa,girl
Stefani,girl
Kesha,girl
Tisa,girl
Maya,girl
Angella,girl
Tiffanie,girl
Trista,girl
Raina,girl
Crista,girl
Kristan,girl
Tawanna,girl
Niki,girl
Serina,girl
Shawnda,girl
Tosha,girl
Christel,girl
Tracee,girl
Dyan,girl
Tanisha,girl
Chantelle,girl
Stephany,girl
Treena,girl
Yesenia,girl
Candida,girl
Tarsha,girl
Tameka,girl
Ayanna,girl
Jenni,girl
Brandie,girl
Shantel,girl
Ebony,girl
Shayla,girl
Kia,girl
Alysia,girl
Summer,girl
Jenna,girl
Latoya,girl
Cristal,girl
Shanta,girl
Shalonda,girl
Angelic,girl
Brenna,girl
Alycia,girl
Damaris,girl
Consuela,girl
Lashanda,girl
Adria,girl
Lasonya,girl
Shara,girl
Katina,girl
Catina,girl
Cher,girl
Lakisha,girl
Chastity,girl
Nikole,girl
Contina,girl
Chiquita,girl
Chasity,girl
Nichol,girl
Brandee,girl
Camisha,girl
Lakesha,girl
Anika,girl
Cherilyn,girl
Alejandra,girl
Lakeisha,girl
Latosha,girl
Keena,girl
Sasha,girl
Nikita,girl
Cristin,girl
Rocio,girl
Tomika,girl
Tomeka,girl
Racheal,girl
Griselda,girl
Keesha,girl
Liliana,girl
Stephaine,girl
Bree,girl
Latrina,girl
Felisha,girl
Layla,girl
Celena,girl
Jenniffer,girl
Rebeca,girl
Sherita,girl
Kori,girl
Alethea,girl
Carly,girl
Aisha,girl
Cicely,girl
Anitra,girl
Bianca,girl
Vonetta,girl
Latarsha,girl
Nyree,girl
Alexa,girl
Fatima,girl
Keshia,girl
Daniela,girl
Danyelle,girl
Mendy,girl
Charissa,girl
Shantell,girl
Marquita,girl
Briana,girl
Chanel,girl
Danyell,girl
Sunshine,girl
Nia,girl
Nikia,girl
Jamila,girl
Tanika,girl
Brande,girl
Meagan,girl
Jasmin,girl
Maranda,girl
Lakeshia,girl
Kyla,girl
Syreeta,girl
Luciana,girl
Tobi,girl
Alanna,girl
Mistie,girl
Tamica,girl
Carisa,girl
Cherish,girl
Cecily,girl
Haley,girl
Mandi,girl
Daniele,girl
Tamisha,girl
Tanesha,girl
Danyel,girl
Gabriella,girl
Tiana,girl
Mandie,girl
Harmony,girl
Shameka,girl
Spring,girl
Destiny,girl
Nakisha,girl
Tamekia,girl
Ayana,girl
Rashida,girl
Yadira,girl
Alesha,girl
Kacey,girl
Shawanda,girl
Shamika,girl
Takisha,girl
Pepper,girl
Kandice,girl
Alina,girl
Meggan,girl
Farrah,girl
Tennille,girl
Nadia,girl
Rhiannon,girl
Jillian,girl
January,girl
Khalilah,girl
Janae,girl
Jaimee,girl
Farah,girl
Chana,girl
Sommer,girl
Shayna,girl
Shasta,girl
Torrie,girl
Ashlee,girl
Carina,girl
Chaka,girl
Trish,girl
Rayna,girl
Brianna,girl
Eboni,girl
Kenisha,girl
Caitlin,girl
Latoria,girl
Torie,girl
Venessa,girl
Shanika,girl
Shandra,girl
Kizzy,girl
Qiana,girl
Talia,girl
Hayley,girl
Shawnte,girl
Shante,girl
Salena,girl
Liana,girl
Quiana,girl
Kamilah,girl
Shalon,girl
Latesha,girl
Iesha,girl
Brittney,girl
Danica,girl
Jenelle,girl
Yasmin,girl
Lashunda,girl
Malia,girl
Adrianna,girl
Tarah,girl
Tenisha,girl
Shawnna,girl
Chante,girl
Karissa,girl
Corie,girl
Chrissy,girl
Kylie,girl
Aja,girl
Meghann,girl
Crissy,girl
Meaghan,girl
Shavon,girl
Brianne,girl
Krissy,girl
Shavonne,girl
Lacie,girl
Shanita,girl
Desirae,girl
Abbey,girl
Lyndsey,girl
Shaunna,girl
Marlana,girl
Ariane,girl
Kylee,girl
Sierra,girl
Leia,girl
Natosha,girl
Ariana,girl
Somer,girl
Ashleigh,girl
Star,girl
Alaina,girl
Casie,girl
Kindra,girl
Precious,girl
Kiana,girl
Winter,girl
Viviana,girl
Breanne,girl
Siobhan,girl
Maren,girl
Kylene,girl
Breanna,girl
Ashanti,girl
Asia,girl
Lyndsay,girl
Sharee,girl
Kacy,girl
Princess,girl
Ayesha,girl
Rikki,girl
Lynsey,girl
Shaneka,girl
Linsey,girl
Loni,girl
Perla,girl
Kristyn,girl
Anya,girl
Mariana,girl
Renada,girl
Kacie,girl
Britney,girl
Reyna,girl
Chimere,girl
Kaci,girl
Brynn,girl
Laci,girl
Tai,girl
Ashlie,girl
Jessi,girl
Tatiana,girl
Kati,girl
Krystle,girl
Tierra,girl
Tiara,girl
Fallon,girl
Evita,girl
Kaitlin,girl
Martine,girl
Kassandra,girl
Jesica,girl
Alexia,girl
Toccara,girl
Latoyia,girl
Tashina,girl
Chaya,girl
Joi,girl
Daniella,girl
Katelyn,girl
Kandace,girl
Shanell,girl
Kourtney,girl
Nereida,girl
Jazmin,girl
Chelsey,girl
Kaleena,girl
Kala,girl
Kassie,girl
Jenilee,girl
Emilee,girl
Cassondra,girl
Shaina,girl
Shakira,girl
Ciara,girl
Hailey,girl
Kali,girl
Shena,girl
Falon,girl
Tawny,girl
Arielle,girl
Ashly,girl
Chelsie,girl
Tenika,girl
Sharita,girl
Cristen,girl
Tabetha,girl
Krysta,girl
Carley,girl
Arianna,girl
Mallory,girl
Kaitlyn,girl
Ciji,girl
Ashely,girl
Giselle,girl
Tess,girl
Maegan,girl
Echo,girl
Dwan,girl
Britni,girl
Ashli,girl
Paola,girl
Ashlea,girl
Caitlyn,girl
Tyesha,girl
Maira,girl
Brittani,girl
Tasia,girl
Grisel,girl
Kaylee,girl
Shenna,girl
Teela,girl
Savanna,girl
Breann,girl
Mckenzie,girl
Janessa,girl
Kasandra,girl
Markita,girl
Karly,girl
Magen,girl
Dannielle,girl
Cierra,girl
Sade,girl
Krystina,girl
Micaela,girl
Ciera,girl
Brittni,girl
Kayleigh,girl
Britany,girl
Alyse,girl
Deandra,girl
Brittny,girl
Kaley,girl
Alysha,girl
Jazmine,girl
Shaquita,girl
Krysten,girl
Brittanie,girl
Krystin,girl
Magan,girl
Katelin,girl
Violeta,girl
Kasie,girl
Jessika,girl
Kelsie,girl
Mariel,girl
Shira,girl
Jaqueline,girl
Amberly,girl
Samatha,girl
Eliana,girl
Kaleigh,girl
Nakita,girl
Phylicia,girl
Brittaney,girl
Katlyn,girl
Shardae,girl
Jerrica,girl
Porsha,girl
Britta,girl
Sharde,girl
Cherrelle,girl
Katelynn,girl
Mallorie,girl
Cherelle,girl
Malorie,girl
Sable,girl
Kaila,girl
Ashlyn,girl
Shanae,girl
Sharday,girl
Fabiola,girl
Iliana,girl
Kyrie,girl
Leandra,girl
Shatara,girl
Kortney,girl
Janay,girl
Ayla,girl
Cayla,girl
Yessenia,girl
Skye,girl
Kelsi,girl
Jerica,girl
Tiera,girl
Jesenia,girl
Kaela,girl
Karli,girl
Porsche,girl
Kalyn,girl
Chanelle,girl
Alessandra,girl
Lakendra,girl
Lauryn,girl
Kaycee,girl
Kailey,girl
Denisse,girl
Jessenia,girl
Anjelica,girl
Sarai,girl
Tianna,girl
Kaylin,girl
Kaylyn,girl
Denisha,girl
Stephani,girl
Kaylie,girl
Danae,girl
Shanice,girl
Jaleesa,girl
Jalisa,girl
Whitley,girl
Deja,girl
Taja,girl
Chelsi,girl
Genesis,girl
Katlin,girl
Kimber,girl
Brittnee,girl
Kierra,girl
Alexandrea,girl
Anais,girl
Allyssa,girl
Kiersten,girl
Breana,girl
Diandra,girl
Sarina,girl
Lizbeth,girl
Kiera,girl
Katarina,girl
Jalissa,girl
Hali,girl
Carli,girl
Tiarra,girl
Grecia,girl
Moriah,girl
Kaitlynn,girl
Brittnie,girl
Flor,girl
Elizabet,girl
Alexandr,girl
Britny,girl
Katherin,girl
Mikayla,girl
Audrianna,girl
Kirstie,girl
Asha,girl
Kallie,girl
Kelsea,girl
Bryanna,girl
Audriana,girl
Danika,girl
Gianna,girl
Makayla,girl
Martika,girl
Mikaela,girl
Destinee,girl
Brittnay,girl
Yajaira,girl
Yasmine,girl
Shaniqua,girl
Shanelle,girl
Lizeth,girl
Joana,girl
Ryann,girl
Isamar,girl
Latifah,girl
Kanisha,girl
Rubi,girl
Mariela,girl
Symone,girl
Ivana,girl
Heaven,girl
Lucero,girl
Shelbi,girl
Alysa,girl
Dulce,girl
Brooklyn,girl
Nataly,girl
Imani,girl
Kalie,girl
Alannah,girl
Fiona,girl
Kanesha,girl
Laken,girl
Haleigh,girl
Eryn,girl
Elyssa,girl
Shelbie,girl
Demi,girl
Ieshia,girl
Makenzie,girl
Shanequa,girl
Karlee,girl
Haylee,girl
Cheyanne,girl
Estefania,girl
Halie,girl
Chynna,girl
Karlie,girl
Stormy,girl
Delaney,girl
Carlee,girl
Kailee,girl
Alayna,girl
Mckenna,girl
Shaquana,girl
Tiesha,girl
Brielle,girl
Marcela,girl
Myranda,girl
Miriah,girl
Alexus,girl
Kelcie,girl
Emerald,girl
Giovanna,girl
Bryana,girl
China,girl
Essence,girl
Bria,girl
Aracely,girl
Aubree,girl
Chelsy,girl
Miesha,girl
Cinthia,girl
Brianda,girl
Hailee,girl
Karley,girl
Ashlynn,girl
Macey,girl
Tatyana,girl
Shawnee,girl
Brea,girl
Joselyn,girl
Ivonne,girl
Katerina,girl
Marlee,girl
Breonna,girl
Shaniece,girl
Kaylynn,girl
Kinsey,girl
Kenia,girl
Destini,girl
Kayley,girl
Lexus,girl
Selene,girl
Yaritza,girl
Khadijah,girl
Kadijah,girl
Halle,girl
Brionna,girl
Destiney,girl
Jazmyn,girl
Yazmin,girl
Itzel,girl
Kassidy,girl
Coraima,girl
Shannen,girl
Kailyn,girl
Kalene,girl
Katlynn,girl
Lexi,girl
Deyanira,girl
Yasmeen,girl
Shyanne,girl
Viridiana,girl
Kaylene,girl
Crysta,girl
Reina,girl
Alondra,girl
Kayli,girl
Nayeli,girl
Jasmyn,girl
Aspen,girl
Jasmyne,girl
Paloma,girl
Eleni,girl
Hana,girl
Aaliyah,girl
Aliyah,girl
Dalia,girl
Zhane,girl
Mckayla,girl
Clarisa,girl
Mikala,girl
Dayana,girl
Maddison,girl
Kianna,girl
Kenzie,girl
Bailee,girl
Sydnee,girl
Haylie,girl
Nohely,girl
Makenna,girl
Vanesa,girl
Cydney,girl
Aleah,girl
Shyann,girl
Valentina,girl
Caitlynn,girl
Tatum,girl
Adilene,girl
Isis,girl
Tatianna,girl
Baylee,girl
Shania,girl
Jocelyne,girl
Daisha,girl
Kaelyn,girl
Jayla,girl
Dasia,girl
Emely,girl
Sydni,girl
Abbigail,girl
Miracle,girl
Zoey,girl
Unique,girl
Iridian,girl
Brooklynn,girl
Alia,girl
Keanna,girl
Alivia,girl
Daija,girl
Sydnie,girl
Fernanda,girl
Daja,girl
Lesly,girl
Annika,girl
Kyleigh,girl
Sienna,girl
Ciarra,girl
Maci,girl
Destany,girl
Tamia,girl
Moesha,girl
Odalys,girl
Yamilex,girl
Zaria,girl
Mireya,girl
Alize,girl
Xena,girl
Dania,girl
Katia,girl
Maia,girl
Amani,girl
Shianne,girl
Madisen,girl
Odalis,girl
Kaylah,girl
Sarahi,girl
Jailene,girl
Jazlyn,girl
Alyssia,girl
Chyna,girl
Estefany,girl
Ansley,girl
Madyson,girl
Jaycie,girl
Jacey,girl
Lexis,girl
Daijah,girl
Joslyn,girl
Dejah,girl
Yulissa,girl
Anahi,girl
Aylin,girl
Julisa,girl
Salma,girl
Madisyn,girl
Erykah,girl
Gisselle,girl
Raegan,girl
Tea,girl
Estrella,girl
Jayda,girl
Rylie,girl
Makala,girl
Taya,girl
Kaylan,girl
Camila,girl
Annalise,girl
Jazmyne,girl
Keeley,girl
Shaylee,girl
Savana,girl
Madelynn,girl
Micayla,girl
Maeve,girl
Nautica,girl
Cali,girl
Serenity,girl
Yulisa,girl
Baylie,girl
Samara,girl
Mya,girl
Ally,girl
Myah,girl
Reanna,girl
Madilyn,girl
Felicity,girl
Ireland,girl
Skyla,girl
Willow,girl
Jaida,girl
Abigayle,girl
Jaelyn,girl
Rhianna,girl
Amira,girl
Shae,girl
Zoie,girl
Caleigh,girl
Abril,girl
Deasia,girl
Kaylen,girl
Tayla,girl
Alexys,girl
Jaycee,girl
Jayde,girl
Kennedi,girl
Amaya,girl
Piper,girl
Aniya,girl
Noelia,girl
Kiarra,girl
Shaniya,girl
Keara,girl
Emmalee,girl
Aiyana,girl
Miya,girl
Jalyn,girl
Nyasia,girl
Aniyah,girl
Jaylene,girl
Kyara,girl
Citlalli,girl
Abigale,girl
Isabela,girl
Tatyanna,girl
Journey,girl
Ryleigh,girl
Aliya,girl
Sky,girl
Shyla,girl
Bryn,girl
Abagail,girl
Izabella,girl
Nya,girl
Saige,girl
Jakayla,girl
Litzy,girl
Brisa,girl
Amya,girl
Jackeline,girl
Kaya,girl
Jaquelin,girl
Hailie,girl
Nyah,girl
Amara,girl
Dariana,girl
Yamilet,girl
Monserrat,girl
Cielo,girl
Aryanna,girl
Anaya,girl
Arely,girl
Kaia,girl
Maryam,girl
Anjali,girl
Lilliana,girl
Amiya,girl
Belen,girl
Aliza,girl
Keira,girl
Janiya,girl
Ashtyn,girl
Neha,girl
Laisha,girl
Amina,girl
Jailyn,girl
Kenna,girl
Iyana,girl
Maiya,girl
Marlen,girl
Nevaeh,girl
Ainsley,girl
Yuliana,girl
Beyonce,girl
Nayely,girl
Johana,girl
Nallely,girl
Kaiya,girl
Meadow,girl
Makaila,girl
Kya,girl
Ximena,girl
Jimena,girl
Melany,girl
Jamya,girl
Taina,girl
Aubrie,girl
Frida,girl
Kaliyah,girl
Mikaila,girl
Taliyah,girl
Taniya,girl
Citlali,girl
Annabella,girl
Dafne,girl
Hayleigh,girl
Yoselin,girl
Areli,girl
Madalynn,girl
Priscila,girl
Miah,girl
Keila,girl
Natalya,girl
Jaylynn,girl
Rianna,girl
Sheyla,girl
Aryana,girl
Elle,girl
Lisbeth,girl
Evelin,girl
Makena,girl
Jaliyah,girl
Keyla,girl
Giana,girl
Maleah,girl
Shreya,girl
Maliyah,girl
Samira,girl
Jalynn,girl
Galilea,girl
Riya,girl
Cadence,girl
Iyanna,girl
Kiya,girl
Jaylyn,girl
Estefani,girl
Yareli,girl
Dayanara,girl
Janiyah,girl
Taniyah,girl
Sanaa,girl
Yahaira,girl
Kadence,girl
Amiyah,girl
Tamya,girl
Sherlyn,girl
Natalee,girl
Lainey,girl
Angeles,girl
Karyme,girl
Arly,girl
Saniya,girl
Sariah,girl
Kaydence,girl
Alani,girl
Amaris,girl
Charlize,girl
Kimora,girl
Xiomara,girl
Marin,girl
Diya,girl
Treasure,girl
Aleena,girl
Saniyah,girl
Addyson,girl
Karis,girl
Gracelyn,girl
Jaylee,girl
Nathaly,girl
Livia,girl
Jayleen,girl
Janiah,girl
Gwyneth,girl
Zariah,girl
Averie,girl
Heidy,girl
Mikalah,girl
Arleth,girl
Karma,girl
Siena,girl
Jaelynn,girl
Anabelle,girl
Naima,girl
Anneliese,girl
Zara,girl
Elliana,girl
Kinsley,girl
Selah,girl
Jolette,girl
Brylee,girl
Myla,girl
Yuridia,girl
Montserrat,girl
Valery,girl
Lilianna,girl
Leyla,girl
Rihanna,girl
Addisyn,girl
Akeelah,girl
Adison,girl
Lilyana,girl
Nathalia,girl
Paisley,girl
Yaretzi,girl
Scarlet,girl
Braelyn,girl
Kamila,girl
Cailyn,girl
Bethzy,girl
Adyson,girl
Joselin,girl
Mariyah,girl
Kinley,girl
Jaylah,girl
Charlee,girl
Adamaris,girl
Malaya,girl
Khloe,girl
Amirah,girl
Briley,girl
Jorja,girl
Rayne,girl
Sanai,girl
Dahlia,girl
Lorelai,girl
Neveah,girl
Izabelle,girl
Miley,girl
Mylee,girl
Jordin,girl
Jaslene,girl
Audrina,girl
Azul,girl
Marely,girl
Shiloh,girl
Madilynn,girl
Jaeda,girl
Jazlynn,girl
Londyn,girl
Giada,girl
Adelyn,girl
Jocelynn,girl
Mylie,girl
Adalyn,girl
Aliana,girl
Giuliana,girl
Azaria,girl
Zaniyah,girl
Alyvia,girl
Joseline,girl
Kelis,girl
Lillianna,girl
Kylah,girl
Hadassah,girl
Allisson,girl
Caylee,girl
Mareli,girl
Dayami,girl
Alisson,girl
Nylah,girl
Jazlene,girl
Adalynn,girl
Jaslyn,girl
Gemma,girl
Lailah,girl
Brynlee,girl
Raelynn,girl
Marlie,girl
Anabella,girl
Ariella,girl
Kamora,girl
Paityn,girl
Payten,girl
Amiah,girl
Averi,girl
Avah,girl
Karsyn,girl
Jamiya,girl
Laylah,girl
Carleigh,girl
Kenley,girl
Sloane,girl
Elianna,girl
